client_id,company_name,industry,region,company_size,plan_type,sales_rep,csm_assigned,contract_signed_date,onboarding_start_date,onboarding_complete_date,days_to_onboard,onboarding_status,sla_met_14_days,onboarding_csat,contract_quarter,implementation_manager,implementation_priority,kickoff_date,go_live_date,delay_reason,integration_required,integration_type,customer_segment,go_live_status,implementation_risk
CB-1000,Vertex Solutions,Manufacturing,Chennai,Small (1-50),Starter,K. Joshi,S. Reddy,14-Feb-2026,15-Feb-2026,10-Mar-2026,23,Completed,No,3,2026-Q1,Priya Nair,Low,2026-02-15 0:00:00,2026-03-10 0:00:00,Technical Issue,Yes,API,Enterprise,Completed,Low
CB-1001,Apex Group,Retail & E-commerce,Hyderabad,Small (1-50),Starter,A. Mehta,J. Pillai,07-Aug-2025,09-Aug-2025,31-Aug-2025,22,Completed,No,4.1,2025-Q3,Priya Nair,High,2025-08-09 0:00:00,2025-08-31 0:00:00,Customer Delay,No,None,Enterprise,Completed,Medium
CB-1002,Harborlight Group,Professional Services,Ahmedabad,Small (1-50),Enterprise,S. Kapoor,N. Verma,28-Mar-2026,29-Mar-2026,09-May-2026,41,Completed,No,4,2026-Q1,Karan Mehta,High,2026-03-29 0:00:00,2026-05-09 0:00:00,Technical Issue,No,None,SMB,Completed,High
CB-1003,Northbridge Industries,Retail & E-commerce,Mumbai,Small (1-50),Growth,S. Kapoor,N. Verma,06-Jan-2026,09-Jan-2026,04-Feb-2026,26,Completed,No,2.8,2026-Q1,Priya Nair,High,2026-01-09 0:00:00,2026-02-04 0:00:00,Missing Documents,Yes,CRM,Mid-Market,Completed,Low
CB-1004,Driftwood Networks,Real Estate,Ahmedabad,Large (251+),Enterprise,P. Nair,M. Khan,27-Sep-2024,29-Sep-2024,20-Oct-2024,21,Completed,No,3.9,2024-Q3,Priya Nair,High,2024-09-29 0:00:00,2024-10-20 0:00:00,Integration Delay,No,None,Enterprise,Completed,Medium
CB-1005,Granite Pvt Ltd,FinTech,Ahmedabad,Mid (51-250),Growth,K. Joshi,M. Khan,21-May-2026,23-May-2026,19-Jun-2026,27,Completed,No,2.7,2026-Q2,Amit Singh,Low,2026-05-23 0:00:00,2026-06-19 0:00:00,Technical Issue,Yes,None,Mid-Market,Completed,Medium
CB-1006,Stratos Systems,Logistics & Supply Chain,Pune,Small (1-50),Starter,V. Shah,T. D'Souza,08-Feb-2026,09-Feb-2026,03-Mar-2026,22,Completed,No,4.6,2026-Q1,Priya Nair,High,2026-02-09 0:00:00,2026-03-03 0:00:00,Resource Constraint,Yes,ERP,Mid-Market,Completed,Low
CB-1007,Highline Enterprises,Hospitality,Chennai,Small (1-50),Starter,S. Kapoor,S. Reddy,20-Feb-2026,23-Feb-2026,18-Mar-2026,23,Completed,No,3.6,2026-Q1,Neha Patel,Medium,2026-02-23 0:00:00,2026-03-18 0:00:00,Scope Change,No,None,Enterprise,Completed,Low
CB-1008,Coral Enterprises,Retail & E-commerce,Bangalore,Small (1-50),Growth,P. Nair,M. Khan,11-Nov-2024,14-Nov-2024,30-Nov-2024,16,Completed,No,5,2024-Q4,Neha Patel,Low,2024-11-14 0:00:00,2024-11-30 0:00:00,Missing Documents,No,None,Mid-Market,Completed,High
CB-1009,Meridian Group,Retail & E-commerce,Delhi NCR,Large (251+),Starter,K. Joshi,N. Verma,14-Aug-2025,17-Aug-2025,10-Sep-2025,24,Completed,No,3.5,2025-Q3,Karan Mehta,Low,2025-08-17 0:00:00,2025-09-10 0:00:00,Customer Delay,No,None,SMB,Completed,High
CB-1010,Foxglove Ventures,Retail & E-commerce,Pune,Small (1-50),Growth,P. Nair,M. Khan,21-Jun-2025,22-Jun-2025,10-Jul-2025,18,Completed,No,2.6,2025-Q2,Priya Nair,High,2025-06-22 0:00:00,2025-07-10 0:00:00,Resource Constraint,Yes,HRMS,Mid-Market,Completed,Low
CB-1011,Ironwood Enterprises,FinTech,Chennai,Mid (51-250),Growth,V. Shah,T. D'Souza,29-Apr-2026,01-May-2026,25-May-2026,24,Completed,No,2.8,2026-Q2,Amit Singh,Medium,2026-05-01 0:00:00,2026-05-25 0:00:00,Technical Issue,No,None,Enterprise,Completed,High
CB-1012,Westgate Technologies,FinTech,Hyderabad,Mid (51-250),Starter,R. Iyer,M. Khan,08-Dec-2025,11-Dec-2025,04-Jan-2026,24,Completed,No,4,2025-Q4,Amit Singh,Low,2025-12-11 0:00:00,2026-01-04 0:00:00,Customer Delay,No,None,Mid-Market,Completed,Low
CB-1013,Larkspur Labs,EdTech,Delhi NCR,Small (1-50),Starter,R. Iyer,N. Verma,11-Mar-2026,14-Mar-2026,01-Apr-2026,18,Completed,No,4.7,2026-Q1,Karan Mehta,High,2026-03-14 0:00:00,2026-04-01 0:00:00,Integration Delay,Yes,ERP,Enterprise,Completed,Low
CB-1014,Cobalt Group,Hospitality,Ahmedabad,Mid (51-250),Growth,A. Mehta,T. D'Souza,10-Aug-2025,11-Aug-2025,06-Sep-2025,26,Completed,No,4.2,2025-Q3,Amit Singh,High,2025-08-11 0:00:00,2025-09-06 0:00:00,Customer Delay,No,None,SMB,Completed,High
CB-1015,Westgate Industries,Real Estate,Ahmedabad,Mid (51-250),Starter,P. Nair,N. Verma,24-Feb-2025,27-Feb-2025,15-Mar-2025,16,Completed,No,3,2025-Q1,Rahul Sharma,High,2025-02-27 0:00:00,2025-03-15 0:00:00,Scope Change,No,None,Enterprise,Completed,Medium
CB-1016,Anchor Industries,Hospitality,Delhi NCR,Small (1-50),Starter,P. Nair,S. Reddy,18-Oct-2025,20-Oct-2025,10-Nov-2025,21,Completed,No,3.9,2025-Q4,Rahul Sharma,Low,2025-10-20 0:00:00,2025-11-10 0:00:00,Scope Change,No,None,Mid-Market,Completed,High
CB-1017,Brightline Enterprises,Healthcare,Chennai,Large (251+),Starter,K. Joshi,N. Verma,10-Aug-2024,12-Aug-2024,25-Aug-2024,13,Completed,Yes,4.2,2024-Q3,Rahul Sharma,Medium,2024-08-12 0:00:00,2024-08-25 0:00:00,None,Yes,SSO,SMB,Completed,Medium
CB-1018,Driftwood Technologies,Healthcare,Pune,Mid (51-250),Starter,V. Shah,N. Verma,13-Mar-2026,14-Mar-2026,,,Dropped,,,2026-Q1,Neha Patel,Low,2026-03-14 0:00:00,,Technical Issue,Yes,None,Mid-Market,Dropped,Medium
CB-1019,Trailmark Technologies,Retail & E-commerce,Pune,Large (251+),Growth,A. Mehta,S. Reddy,01-Dec-2025,02-Dec-2025,,,Dropped,,,2025-Q4,Priya Nair,Low,2025-12-02 0:00:00,,Integration Delay,Yes,None,Mid-Market,Dropped,Low
CB-1020,Highline Networks,Hospitality,Ahmedabad,Mid (51-250),Growth,V. Shah,S. Reddy,06-Feb-2026,07-Feb-2026,04-Mar-2026,25,Completed,No,4.6,2026-Q1,Rahul Sharma,Low,2026-02-07 0:00:00,2026-03-04 0:00:00,Scope Change,No,None,Enterprise,Completed,Medium
CB-1021,Brightline Group,Logistics & Supply Chain,Mumbai,Mid (51-250),Starter,K. Joshi,N. Verma,09-Jun-2025,10-Jun-2025,26-Jun-2025,16,Completed,No,5,2025-Q2,Amit Singh,Medium,2025-06-10 0:00:00,2025-06-26 0:00:00,Customer Delay,No,None,SMB,Completed,High
CB-1022,Coral Enterprises,FinTech,Mumbai,Small (1-50),Growth,R. Iyer,S. Reddy,18-May-2026,20-May-2026,09-Jun-2026,20,Completed,No,3.4,2026-Q2,Amit Singh,High,2026-05-20 0:00:00,2026-06-09 0:00:00,Integration Delay,No,None,Enterprise,Completed,High
CB-1023,Cobalt Pvt Ltd,Hospitality,Hyderabad,Mid (51-250),Growth,S. Kapoor,S. Reddy,13-Apr-2026,15-Apr-2026,13-May-2026,28,Completed,No,3.5,2026-Q2,Karan Mehta,Medium,2026-04-15 0:00:00,2026-05-13 0:00:00,Technical Issue,No,None,Enterprise,Completed,Medium
CB-1024,Anchor Group,FinTech,Hyderabad,Large (251+),Growth,A. Mehta,N. Verma,17-Feb-2026,20-Feb-2026,16-Mar-2026,24,Completed,No,5,2026-Q1,Karan Mehta,Medium,2026-02-20 0:00:00,2026-03-16 0:00:00,Technical Issue,No,None,Mid-Market,Completed,High
CB-1025,Anchor Ventures,Manufacturing,Ahmedabad,Small (1-50),Starter,R. Iyer,M. Khan,24-Jan-2025,26-Jan-2025,10-Feb-2025,15,Completed,No,3.5,2025-Q1,Neha Patel,Medium,2025-01-26 0:00:00,2025-02-10 0:00:00,Resource Constraint,No,None,Mid-Market,Completed,Low
CB-1026,Driftwood Industries,Hospitality,Hyderabad,Small (1-50),Starter,R. Iyer,J. Pillai,25-Aug-2025,26-Aug-2025,20-Sep-2025,25,Completed,No,4.1,2025-Q3,Karan Mehta,Medium,2025-08-26 0:00:00,2025-09-20 0:00:00,Integration Delay,No,None,Enterprise,Completed,Low
CB-1027,Lumen Group,Professional Services,Delhi NCR,Mid (51-250),Growth,P. Nair,T. D'Souza,03-Jul-2024,06-Jul-2024,25-Jul-2024,19,Completed,No,4.1,2024-Q3,Priya Nair,High,2024-07-06 0:00:00,2024-07-25 0:00:00,Resource Constraint,Yes,CRM,SMB,Completed,High
CB-1028,Skyward Pvt Ltd,Hospitality,Delhi NCR,Large (251+),Growth,A. Mehta,S. Reddy,12-Dec-2024,15-Dec-2024,01-Jan-2025,17,Completed,No,4.3,2024-Q4,Priya Nair,High,2024-12-15 0:00:00,2025-01-01 0:00:00,Technical Issue,No,None,Mid-Market,Completed,Low
CB-1029,Skyward Group,Real Estate,Bangalore,Small (1-50),Starter,S. Kapoor,S. Reddy,29-Dec-2025,01-Jan-2026,22-Jan-2026,21,Completed,No,4.1,2025-Q4,Neha Patel,High,2026-01-01 0:00:00,2026-01-22 0:00:00,Technical Issue,Yes,HRMS,Enterprise,Completed,High
CB-1030,Crestline Solutions,Professional Services,Bangalore,Small (1-50),Growth,S. Kapoor,S. Reddy,31-Jan-2026,02-Feb-2026,22-Feb-2026,20,Completed,No,3.4,2026-Q1,Priya Nair,Medium,2026-02-02 0:00:00,2026-02-22 0:00:00,Scope Change,Yes,CRM,SMB,Completed,Low
CB-1031,Quantix Enterprises,Manufacturing,Delhi NCR,Large (251+),Enterprise,S. Kapoor,J. Pillai,17-May-2026,20-May-2026,19-Jun-2026,30,Completed,No,2.8,2026-Q2,Neha Patel,Low,2026-05-20 0:00:00,2026-06-19 0:00:00,Resource Constraint,Yes,CRM,Enterprise,Completed,Low
CB-1032,Coral Pvt Ltd,Hospitality,Hyderabad,Small (1-50),Starter,V. Shah,J. Pillai,18-May-2025,21-May-2025,09-Jun-2025,19,Completed,No,4.9,2025-Q2,Neha Patel,High,2025-05-21 0:00:00,2025-06-09 0:00:00,Customer Delay,No,None,SMB,Completed,Low
CB-1033,Stratos Ventures,Logistics & Supply Chain,Pune,Mid (51-250),Enterprise,K. Joshi,J. Pillai,20-Jun-2025,22-Jun-2025,16-Jul-2025,24,Completed,No,4,2025-Q2,Karan Mehta,High,2025-06-22 0:00:00,2025-07-16 0:00:00,Customer Delay,Yes,HRMS,SMB,Completed,High
CB-1034,Nimbus Systems,FinTech,Delhi NCR,Small (1-50),Starter,R. Iyer,S. Reddy,27-Aug-2025,29-Aug-2025,18-Sep-2025,20,Completed,No,3.6,2025-Q3,Priya Nair,Medium,2025-08-29 0:00:00,2025-09-18 0:00:00,Scope Change,Yes,CRM,Mid-Market,Completed,Medium
CB-1035,Lumen Ventures,Logistics & Supply Chain,Chennai,Small (1-50),Starter,S. Kapoor,S. Reddy,18-Jan-2025,21-Jan-2025,06-Feb-2025,16,Completed,No,3.8,2025-Q1,Rahul Sharma,High,2025-01-21 0:00:00,2025-02-06 0:00:00,Integration Delay,Yes,API,SMB,Completed,Medium
CB-1036,Granite Labs,Logistics & Supply Chain,Mumbai,Small (1-50),Starter,K. Joshi,T. D'Souza,13-Nov-2024,14-Nov-2024,29-Nov-2024,15,Completed,No,5,2024-Q4,Rahul Sharma,Low,2024-11-14 0:00:00,2024-11-29 0:00:00,Integration Delay,Yes,HRMS,SMB,Completed,Medium
CB-1037,Crestline Pvt Ltd,FinTech,Delhi NCR,Large (251+),Growth,K. Joshi,T. D'Souza,31-Aug-2025,02-Sep-2025,20-Sep-2025,18,Completed,No,4.1,2025-Q3,Amit Singh,High,2025-09-02 0:00:00,2025-09-20 0:00:00,Integration Delay,Yes,API,Mid-Market,Completed,Medium
CB-1038,Meridian Enterprises,EdTech,Pune,Small (1-50),Starter,R. Iyer,N. Verma,24-Feb-2025,27-Feb-2025,12-Mar-2025,13,Completed,Yes,3.1,2025-Q1,Amit Singh,High,2025-02-27 0:00:00,2025-03-12 0:00:00,None,No,None,Mid-Market,Completed,High
CB-1039,Pivotal Group,Retail & E-commerce,Bangalore,Mid (51-250),Growth,R. Iyer,M. Khan,22-Dec-2025,25-Dec-2025,22-Jan-2026,28,Completed,No,3.7,2025-Q4,Amit Singh,Low,2025-12-25 0:00:00,2026-01-22 0:00:00,Resource Constraint,No,None,Mid-Market,Completed,Medium
CB-1040,Trailmark Ventures,FinTech,Chennai,Large (251+),Enterprise,S. Kapoor,S. Reddy,06-Aug-2025,08-Aug-2025,07-Sep-2025,30,Completed,No,3.4,2025-Q3,Amit Singh,High,2025-08-08 0:00:00,2025-09-07 0:00:00,Integration Delay,Yes,SSO,SMB,Completed,Low
CB-1041,Westgate Ventures,Logistics & Supply Chain,Bangalore,Mid (51-250),Enterprise,K. Joshi,S. Reddy,15-Mar-2026,18-Mar-2026,,,Dropped,,,2026-Q1,Priya Nair,Medium,2026-03-18 0:00:00,,Technical Issue,No,None,Mid-Market,Dropped,Low
CB-1042,Skyward Labs,Hospitality,Delhi NCR,Large (251+),Enterprise,R. Iyer,S. Reddy,08-Jan-2026,09-Jan-2026,11-Feb-2026,33,Completed,No,3.4,2026-Q1,Neha Patel,Medium,2026-01-09 0:00:00,2026-02-11 0:00:00,Missing Documents,Yes,HRMS,SMB,Completed,High
CB-1043,Granite Group,Real Estate,Pune,Small (1-50),Growth,K. Joshi,N. Verma,07-May-2025,09-May-2025,31-May-2025,22,Completed,No,4.1,2025-Q2,Amit Singh,Medium,2025-05-09 0:00:00,2025-05-31 0:00:00,Scope Change,No,None,Enterprise,Completed,Medium
CB-1044,Coral Labs,Logistics & Supply Chain,Chennai,Large (251+),Enterprise,S. Kapoor,S. Reddy,15-Mar-2026,18-Mar-2026,19-Apr-2026,32,Completed,No,3.5,2026-Q1,Neha Patel,Medium,2026-03-18 0:00:00,2026-04-19 0:00:00,Integration Delay,No,None,Mid-Market,Completed,High
CB-1045,Northbridge Systems,Retail & E-commerce,Ahmedabad,Small (1-50),Growth,P. Nair,M. Khan,02-Mar-2026,04-Mar-2026,27-Mar-2026,23,Completed,No,3.2,2026-Q1,Priya Nair,High,2026-03-04 0:00:00,2026-03-27 0:00:00,Resource Constraint,No,None,Mid-Market,Completed,Medium
CB-1046,Anchor Networks,FinTech,Bangalore,Mid (51-250),Enterprise,V. Shah,J. Pillai,03-Jul-2025,04-Jul-2025,31-Jul-2025,27,Completed,No,3.2,2025-Q3,Priya Nair,Low,2025-07-04 0:00:00,2025-07-31 0:00:00,Customer Delay,Yes,ERP,Mid-Market,Completed,High
CB-1047,Apex Enterprises,Retail & E-commerce,Hyderabad,Large (251+),Growth,S. Kapoor,J. Pillai,18-Apr-2025,21-Apr-2025,12-May-2025,21,Completed,No,3.9,2025-Q2,Rahul Sharma,Medium,2025-04-21 0:00:00,2025-05-12 0:00:00,Scope Change,No,None,Mid-Market,Completed,High
CB-1048,Brightline Group,Manufacturing,Ahmedabad,Mid (51-250),Growth,A. Mehta,T. D'Souza,29-Dec-2025,30-Dec-2025,21-Jan-2026,22,Completed,No,4.9,2025-Q4,Rahul Sharma,Medium,2025-12-30 0:00:00,2026-01-21 0:00:00,Customer Delay,Yes,None,SMB,Completed,Medium
CB-1049,Crestline Technologies,Retail & E-commerce,Bangalore,Small (1-50),Starter,R. Iyer,S. Reddy,25-Nov-2024,27-Nov-2024,15-Dec-2024,18,Completed,No,3,2024-Q4,Karan Mehta,High,2024-11-27 0:00:00,2024-12-15 0:00:00,Technical Issue,Yes,CRM,SMB,Completed,High
CB-1050,Cinder Labs,FinTech,Delhi NCR,Large (251+),Starter,S. Kapoor,T. D'Souza,29-Jan-2025,01-Feb-2025,11-Feb-2025,10,Completed,Yes,2.5,2025-Q1,Amit Singh,Low,2025-02-01 0:00:00,2025-02-11 0:00:00,None,No,None,SMB,Completed,Medium
CB-1051,Foxglove Industries,Logistics & Supply Chain,Hyderabad,Small (1-50),Starter,P. Nair,T. D'Souza,16-Mar-2024,17-Mar-2024,27-Mar-2024,10,Completed,Yes,4.4,2024-Q1,Karan Mehta,Low,2024-03-17 0:00:00,2024-03-27 0:00:00,None,No,None,Enterprise,Completed,Low
CB-1052,Nimbus Group,Healthcare,Chennai,Mid (51-250),Growth,K. Joshi,J. Pillai,21-Feb-2026,23-Feb-2026,24-Mar-2026,29,Completed,No,3.5,2026-Q1,Karan Mehta,High,2026-02-23 0:00:00,2026-03-24 0:00:00,Integration Delay,No,None,Enterprise,Completed,Medium
CB-1053,Highline Industries,Real Estate,Delhi NCR,Small (1-50),Growth,R. Iyer,J. Pillai,20-Dec-2025,22-Dec-2025,13-Jan-2026,22,Completed,No,3.7,2025-Q4,Neha Patel,Medium,2025-12-22 0:00:00,2026-01-13 0:00:00,Missing Documents,Yes,HRMS,Mid-Market,Completed,Low
CB-1054,Stratos Technologies,Hospitality,Ahmedabad,Small (1-50),Starter,A. Mehta,T. D'Souza,10-Jan-2026,13-Jan-2026,31-Jan-2026,18,Completed,No,4.5,2026-Q1,Karan Mehta,High,2026-01-13 0:00:00,2026-01-31 0:00:00,Technical Issue,No,None,SMB,Completed,Low
CB-1055,Pivotal Technologies,Retail & E-commerce,Chennai,Small (1-50),Starter,A. Mehta,S. Reddy,18-Feb-2026,21-Feb-2026,12-Mar-2026,19,Completed,No,3.7,2026-Q1,Rahul Sharma,Low,2026-02-21 0:00:00,2026-03-12 0:00:00,Technical Issue,Yes,HRMS,SMB,Completed,Medium
CB-1056,Lumen Systems,Manufacturing,Mumbai,Mid (51-250),Starter,A. Mehta,N. Verma,20-Aug-2025,21-Aug-2025,08-Sep-2025,18,Completed,No,4.3,2025-Q3,Priya Nair,Medium,2025-08-21 0:00:00,2025-09-08 0:00:00,Missing Documents,No,None,Mid-Market,Completed,Medium
CB-1057,Crestline Group,Real Estate,Delhi NCR,Small (1-50),Starter,K. Joshi,J. Pillai,27-Oct-2025,28-Oct-2025,12-Nov-2025,15,Completed,No,4.7,2025-Q4,Neha Patel,Medium,2025-10-28 0:00:00,2025-11-12 0:00:00,Scope Change,Yes,API,Enterprise,Completed,Medium
CB-1058,Coral Pvt Ltd,Healthcare,Ahmedabad,Small (1-50),Starter,K. Joshi,M. Khan,25-Nov-2024,27-Nov-2024,11-Dec-2024,14,Completed,Yes,4.2,2024-Q4,Amit Singh,Low,2024-11-27 0:00:00,2024-12-11 0:00:00,None,No,None,Mid-Market,Completed,Medium
CB-1059,Nimbus Technologies,Retail & E-commerce,Ahmedabad,Small (1-50),Starter,R. Iyer,M. Khan,25-Oct-2024,27-Oct-2024,13-Nov-2024,17,Completed,No,3.4,2024-Q4,Karan Mehta,High,2024-10-27 0:00:00,2024-11-13 0:00:00,Resource Constraint,No,None,Enterprise,Completed,Medium
CB-1060,Highline Networks,FinTech,Mumbai,Large (251+),Enterprise,S. Kapoor,N. Verma,22-Dec-2025,25-Dec-2025,22-Jan-2026,28,Completed,No,3.7,2025-Q4,Amit Singh,High,2025-12-25 0:00:00,2026-01-22 0:00:00,Scope Change,No,None,SMB,Completed,Low
CB-1061,Driftwood Group,FinTech,Ahmedabad,Mid (51-250),Enterprise,P. Nair,M. Khan,28-Aug-2025,31-Aug-2025,01-Oct-2025,31,Completed,No,4.2,2025-Q3,Amit Singh,High,2025-08-31 0:00:00,2025-10-01 0:00:00,Customer Delay,No,None,SMB,Completed,Medium
CB-1062,Apex Industries,FinTech,Bangalore,Small (1-50),Starter,K. Joshi,N. Verma,25-Oct-2025,27-Oct-2025,10-Nov-2025,14,Completed,Yes,3.1,2025-Q4,Priya Nair,Medium,2025-10-27 0:00:00,2025-11-10 0:00:00,None,Yes,ERP,SMB,Completed,High
CB-1063,Veridian Networks,Professional Services,Bangalore,Large (251+),Starter,V. Shah,N. Verma,10-Feb-2026,12-Feb-2026,06-Mar-2026,22,Completed,No,3.1,2026-Q1,Amit Singh,Low,2026-02-12 0:00:00,2026-03-06 0:00:00,Technical Issue,Yes,HRMS,Mid-Market,Completed,Low
CB-1064,Nimbus Solutions,Real Estate,Delhi NCR,Small (1-50),Enterprise,K. Joshi,N. Verma,03-Dec-2025,05-Dec-2025,09-Jan-2026,35,Completed,No,4,2025-Q4,Rahul Sharma,Medium,2025-12-05 0:00:00,2026-01-09 0:00:00,Resource Constraint,No,None,Mid-Market,Completed,Low
CB-1065,Beacon Technologies,Real Estate,Bangalore,Mid (51-250),Growth,P. Nair,M. Khan,18-Oct-2025,19-Oct-2025,07-Nov-2025,19,Completed,No,4.1,2025-Q4,Amit Singh,Low,2025-10-19 0:00:00,2025-11-07 0:00:00,Scope Change,Yes,None,Enterprise,Completed,High
CB-1066,Harborlight Networks,Manufacturing,Mumbai,Small (1-50),Growth,K. Joshi,S. Reddy,21-Oct-2025,23-Oct-2025,15-Nov-2025,23,Completed,No,4.1,2025-Q4,Amit Singh,Medium,2025-10-23 0:00:00,2025-11-15 0:00:00,Resource Constraint,Yes,SSO,Enterprise,Completed,High
CB-1067,Meridian Labs,Professional Services,Delhi NCR,Large (251+),Growth,V. Shah,M. Khan,01-May-2025,04-May-2025,23-May-2025,19,Completed,No,3.8,2025-Q2,Priya Nair,High,2025-05-04 0:00:00,2025-05-23 0:00:00,Customer Delay,No,None,Mid-Market,Completed,High
CB-1068,Nimbus Labs,EdTech,Delhi NCR,Small (1-50),Starter,V. Shah,S. Reddy,03-Jun-2024,04-Jun-2024,13-Jun-2024,9,Completed,Yes,3.5,2024-Q2,Amit Singh,Medium,2024-06-04 0:00:00,2024-06-13 0:00:00,None,No,None,Mid-Market,Completed,Low
CB-1069,Highline Industries,Manufacturing,Hyderabad,Large (251+),Enterprise,R. Iyer,T. D'Souza,05-Aug-2025,06-Aug-2025,26-Aug-2025,20,Completed,No,3.9,2025-Q3,Amit Singh,Medium,2025-08-06 0:00:00,2025-08-26 0:00:00,Technical Issue,Yes,SSO,SMB,Completed,Low
CB-1070,Trailmark Pvt Ltd,EdTech,Delhi NCR,Mid (51-250),Growth,P. Nair,M. Khan,12-Feb-2025,14-Feb-2025,10-Mar-2025,24,Completed,No,3.5,2025-Q1,Neha Patel,Low,2025-02-14 0:00:00,2025-03-10 0:00:00,Scope Change,No,None,SMB,Completed,High
CB-1071,Brightline Networks,Real Estate,Delhi NCR,Mid (51-250),Starter,A. Mehta,J. Pillai,17-Jul-2025,18-Jul-2025,12-Aug-2025,25,Completed,No,5,2025-Q3,Karan Mehta,Low,2025-07-18 0:00:00,2025-08-12 0:00:00,Resource Constraint,Yes,SSO,SMB,Completed,Low
CB-1072,Foxglove Networks,Logistics & Supply Chain,Bangalore,Mid (51-250),Starter,P. Nair,J. Pillai,25-Mar-2026,26-Mar-2026,14-Apr-2026,19,Completed,No,3.5,2026-Q1,Priya Nair,High,2026-03-26 0:00:00,2026-04-14 0:00:00,Scope Change,No,None,Mid-Market,Completed,High
CB-1073,Meridian Technologies,Manufacturing,Bangalore,Small (1-50),Starter,S. Kapoor,T. D'Souza,02-Mar-2025,03-Mar-2025,20-Mar-2025,17,Completed,No,4.4,2025-Q1,Karan Mehta,High,2025-03-03 0:00:00,2025-03-20 0:00:00,Resource Constraint,No,None,Mid-Market,Completed,Low
CB-1074,Westgate Industries,Manufacturing,Mumbai,Large (251+),Growth,S. Kapoor,T. D'Souza,31-Jul-2024,03-Aug-2024,21-Aug-2024,18,Completed,No,3.7,2024-Q3,Amit Singh,Low,2024-08-03 0:00:00,2024-08-21 0:00:00,Integration Delay,No,None,Mid-Market,Completed,Low
CB-1075,Cobalt Systems,Healthcare,Mumbai,Large (251+),Growth,A. Mehta,T. D'Souza,12-Apr-2025,14-Apr-2025,27-Apr-2025,13,Completed,Yes,3.9,2025-Q2,Neha Patel,Low,2025-04-14 0:00:00,2025-04-27 0:00:00,None,Yes,API,SMB,Completed,Medium
CB-1076,Stratos Industries,Healthcare,Chennai,Large (251+),Enterprise,A. Mehta,S. Reddy,22-Apr-2025,24-Apr-2025,16-May-2025,22,Completed,No,4.1,2025-Q2,Priya Nair,Low,2025-04-24 0:00:00,2025-05-16 0:00:00,Integration Delay,Yes,SSO,Mid-Market,Completed,Medium
CB-1077,Cinder Ventures,Healthcare,Pune,Mid (51-250),Starter,P. Nair,M. Khan,18-Dec-2025,20-Dec-2025,07-Jan-2026,18,Completed,No,3.9,2025-Q4,Rahul Sharma,High,2025-12-20 0:00:00,2026-01-07 0:00:00,Technical Issue,No,None,Mid-Market,Completed,High
CB-1078,Pivotal Solutions,Retail & E-commerce,Chennai,Mid (51-250),Growth,V. Shah,T. D'Souza,20-Oct-2025,23-Oct-2025,10-Nov-2025,18,Completed,No,3.8,2025-Q4,Rahul Sharma,High,2025-10-23 0:00:00,2025-11-10 0:00:00,Customer Delay,Yes,ERP,SMB,Completed,Medium
CB-1079,Anchor Technologies,Manufacturing,Hyderabad,Large (251+),Starter,K. Joshi,M. Khan,19-Feb-2026,20-Feb-2026,14-Mar-2026,22,Completed,No,3.3,2026-Q1,Amit Singh,Medium,2026-02-20 0:00:00,2026-03-14 0:00:00,Missing Documents,Yes,None,SMB,Completed,High
CB-1080,Trailmark Systems,Retail & E-commerce,Delhi NCR,Mid (51-250),Starter,A. Mehta,S. Reddy,19-Dec-2025,21-Dec-2025,15-Jan-2026,25,Completed,No,2.7,2025-Q4,Rahul Sharma,High,2025-12-21 0:00:00,2026-01-15 0:00:00,Integration Delay,No,None,Enterprise,Completed,Medium
CB-1081,Skyward Industries,Manufacturing,Mumbai,Large (251+),Enterprise,K. Joshi,T. D'Souza,16-Jul-2025,18-Jul-2025,21-Aug-2025,34,Completed,No,4.1,2025-Q3,Rahul Sharma,Low,2025-07-18 0:00:00,2025-08-21 0:00:00,Technical Issue,Yes,API,Mid-Market,Completed,High
CB-1082,Summit Systems,EdTech,Mumbai,Large (251+),Starter,A. Mehta,J. Pillai,06-Mar-2026,07-Mar-2026,04-Apr-2026,28,Completed,No,3.1,2026-Q1,Amit Singh,Low,2026-03-07 0:00:00,2026-04-04 0:00:00,Integration Delay,No,None,Mid-Market,Completed,Medium
CB-1083,Stratos Solutions,Healthcare,Ahmedabad,Large (251+),Starter,A. Mehta,N. Verma,26-Dec-2024,27-Dec-2024,12-Jan-2025,16,Completed,No,4.2,2024-Q4,Priya Nair,High,2024-12-27 0:00:00,2025-01-12 0:00:00,Customer Delay,No,None,Enterprise,Completed,Medium
CB-1084,Skyward Group,Logistics & Supply Chain,Pune,Large (251+),Enterprise,V. Shah,M. Khan,12-May-2024,15-May-2024,29-May-2024,14,Completed,Yes,3.5,2024-Q2,Rahul Sharma,Medium,2024-05-15 0:00:00,2024-05-29 0:00:00,None,No,None,Enterprise,Completed,High
CB-1085,Stratos Group,Retail & E-commerce,Ahmedabad,Mid (51-250),Growth,S. Kapoor,N. Verma,21-Sep-2024,24-Sep-2024,11-Oct-2024,17,Completed,No,4.2,2024-Q3,Neha Patel,Medium,2024-09-24 0:00:00,2024-10-11 0:00:00,Scope Change,No,None,Mid-Market,Completed,Low
CB-1086,Skyward Systems,Healthcare,Hyderabad,Large (251+),Starter,R. Iyer,T. D'Souza,19-Jan-2026,21-Jan-2026,09-Feb-2026,19,Completed,No,3.6,2026-Q1,Priya Nair,High,2026-01-21 0:00:00,2026-02-09 0:00:00,Scope Change,No,None,Mid-Market,Completed,Medium
CB-1087,Pivotal Labs,Logistics & Supply Chain,Delhi NCR,Mid (51-250),Enterprise,S. Kapoor,J. Pillai,22-Aug-2025,25-Aug-2025,25-Sep-2025,31,Completed,No,3,2025-Q3,Priya Nair,Medium,2025-08-25 0:00:00,2025-09-25 0:00:00,Customer Delay,No,None,Enterprise,Completed,High
CB-1088,Orbit Systems,Logistics & Supply Chain,Ahmedabad,Small (1-50),Starter,A. Mehta,M. Khan,20-Dec-2024,22-Dec-2024,06-Jan-2025,15,Completed,No,4.2,2024-Q4,Rahul Sharma,Low,2024-12-22 0:00:00,2025-01-06 0:00:00,Technical Issue,No,None,SMB,Completed,Medium
CB-1089,Nimbus Labs,Professional Services,Pune,Mid (51-250),Growth,K. Joshi,N. Verma,16-Sep-2025,17-Sep-2025,14-Oct-2025,27,Completed,No,4.7,2025-Q3,Rahul Sharma,High,2025-09-17 0:00:00,2025-10-14 0:00:00,Integration Delay,No,None,Enterprise,Completed,Low
CB-1090,Quantix Systems,Hospitality,Delhi NCR,Mid (51-250),Growth,V. Shah,S. Reddy,10-Dec-2024,11-Dec-2024,31-Dec-2024,20,Completed,No,3.8,2024-Q4,Karan Mehta,Low,2024-12-11 0:00:00,2024-12-31 0:00:00,Customer Delay,No,None,SMB,Completed,Medium
CB-1091,Trailmark Systems,EdTech,Pune,Mid (51-250),Starter,A. Mehta,N. Verma,05-Jan-2026,07-Jan-2026,,,Dropped,,,2026-Q1,Priya Nair,Medium,2026-01-07 0:00:00,,Missing Documents,Yes,SSO,Mid-Market,Dropped,Medium
CB-1092,Larkspur Pvt Ltd,Real Estate,Pune,Large (251+),Growth,V. Shah,T. D'Souza,12-Aug-2025,13-Aug-2025,31-Aug-2025,18,Completed,No,3.7,2025-Q3,Rahul Sharma,Medium,2025-08-13 0:00:00,2025-08-31 0:00:00,Scope Change,No,None,SMB,Completed,Low
CB-1093,Brightline Industries,Healthcare,Pune,Mid (51-250),Enterprise,V. Shah,S. Reddy,28-Jun-2025,30-Jun-2025,19-Jul-2025,19,Completed,No,2.6,2025-Q2,Karan Mehta,High,2025-06-30 0:00:00,2025-07-19 0:00:00,Technical Issue,No,None,Enterprise,Completed,High
CB-1094,Coral Industries,Healthcare,Hyderabad,Large (251+),Starter,P. Nair,T. D'Souza,29-Apr-2025,01-May-2025,16-May-2025,15,Completed,No,3.9,2025-Q2,Amit Singh,Low,2025-05-01 0:00:00,2025-05-16 0:00:00,Resource Constraint,No,None,Mid-Market,Completed,Medium
CB-1095,Veridian Ventures,Logistics & Supply Chain,Bangalore,Large (251+),Enterprise,S. Kapoor,T. D'Souza,01-Dec-2025,02-Dec-2025,04-Jan-2026,33,Completed,No,3.9,2025-Q4,Karan Mehta,Medium,2025-12-02 0:00:00,2026-01-04 0:00:00,Scope Change,Yes,HRMS,Enterprise,Completed,High
CB-1096,Summit Pvt Ltd,Real Estate,Pune,Large (251+),Enterprise,R. Iyer,S. Reddy,14-Jun-2025,15-Jun-2025,13-Jul-2025,28,Completed,No,4,2025-Q2,Priya Nair,Medium,2025-06-15 0:00:00,2025-07-13 0:00:00,Technical Issue,Yes,CRM,SMB,Completed,Low
CB-1097,Coral Solutions,FinTech,Hyderabad,Mid (51-250),Starter,S. Kapoor,M. Khan,18-Sep-2024,19-Sep-2024,02-Oct-2024,13,Completed,Yes,4,2024-Q3,Neha Patel,High,2024-09-19 0:00:00,2024-10-02 0:00:00,None,Yes,HRMS,Enterprise,Completed,Low
CB-1098,Apex Industries,Logistics & Supply Chain,Chennai,Mid (51-250),Enterprise,S. Kapoor,N. Verma,29-Oct-2024,31-Oct-2024,19-Nov-2024,19,Completed,No,4,2024-Q4,Amit Singh,High,2024-10-31 0:00:00,2024-11-19 0:00:00,Customer Delay,Yes,None,Mid-Market,Completed,High
CB-1099,Granite Enterprises,Professional Services,Hyderabad,Large (251+),Starter,A. Mehta,T. D'Souza,15-May-2026,16-May-2026,09-Jun-2026,24,Completed,No,5,2026-Q2,Karan Mehta,Medium,2026-05-16 0:00:00,2026-06-09 0:00:00,Integration Delay,No,None,Enterprise,Completed,Low
CB-1100,Larkspur Ventures,Healthcare,Ahmedabad,Small (1-50),Starter,P. Nair,M. Khan,20-Apr-2026,22-Apr-2026,16-May-2026,24,Completed,No,2.9,2026-Q2,Rahul Sharma,Medium,2026-04-22 0:00:00,2026-05-16 0:00:00,Integration Delay,No,None,Enterprise,Completed,Low
CB-1101,Larkspur Labs,Real Estate,Hyderabad,Mid (51-250),Starter,R. Iyer,T. D'Souza,07-Jan-2026,09-Jan-2026,03-Feb-2026,25,Completed,No,3.4,2026-Q1,Rahul Sharma,Low,2026-01-09 0:00:00,2026-02-03 0:00:00,Technical Issue,No,None,Mid-Market,Completed,Medium
CB-1102,Veridian Ventures,Retail & E-commerce,Delhi NCR,Mid (51-250),Starter,A. Mehta,S. Reddy,30-Mar-2025,31-Mar-2025,20-Apr-2025,20,Completed,No,4.4,2025-Q1,Neha Patel,Low,2025-03-31 0:00:00,2025-04-20 0:00:00,Customer Delay,No,None,Enterprise,Completed,Low
CB-1103,Pivotal Pvt Ltd,Professional Services,Chennai,Large (251+),Growth,S. Kapoor,S. Reddy,18-May-2026,21-May-2026,21-Jun-2026,31,Completed,No,4.6,2026-Q2,Neha Patel,High,2026-05-21 0:00:00,2026-06-21 0:00:00,Integration Delay,Yes,SSO,Mid-Market,Completed,Medium
CB-1104,Westgate Networks,Manufacturing,Delhi NCR,Mid (51-250),Enterprise,P. Nair,S. Reddy,17-Feb-2026,18-Feb-2026,25-Mar-2026,35,Completed,No,3.2,2026-Q1,Amit Singh,Medium,2026-02-18 0:00:00,2026-03-25 0:00:00,Customer Delay,No,None,Enterprise,Completed,Low
CB-1105,Stratos Group,Retail & E-commerce,Pune,Mid (51-250),Starter,A. Mehta,N. Verma,16-Jan-2026,17-Jan-2026,07-Feb-2026,21,Completed,No,3.7,2026-Q1,Priya Nair,High,2026-01-17 0:00:00,2026-02-07 0:00:00,Technical Issue,Yes,None,Enterprise,Completed,High
CB-1106,Veridian Solutions,Retail & E-commerce,Ahmedabad,Mid (51-250),Growth,S. Kapoor,S. Reddy,14-Aug-2025,16-Aug-2025,11-Sep-2025,26,Completed,No,3.9,2025-Q3,Karan Mehta,Medium,2025-08-16 0:00:00,2025-09-11 0:00:00,Resource Constraint,No,None,Enterprise,Completed,Medium
CB-1107,Quantix Pvt Ltd,Professional Services,Pune,Mid (51-250),Growth,P. Nair,T. D'Souza,05-Apr-2025,07-Apr-2025,20-Apr-2025,13,Completed,Yes,4,2025-Q2,Karan Mehta,Medium,2025-04-07 0:00:00,2025-04-20 0:00:00,None,Yes,HRMS,SMB,Completed,High
CB-1108,Cinder Solutions,Professional Services,Mumbai,Small (1-50),Starter,A. Mehta,S. Reddy,30-Sep-2024,03-Oct-2024,16-Oct-2024,13,Completed,Yes,3.8,2024-Q3,Amit Singh,Low,2024-10-03 0:00:00,2024-10-16 0:00:00,None,No,None,Mid-Market,Completed,High
CB-1109,Harborlight Solutions,FinTech,Ahmedabad,Large (251+),Enterprise,S. Kapoor,S. Reddy,17-Apr-2026,20-Apr-2026,17-May-2026,27,Completed,No,3.5,2026-Q2,Amit Singh,Medium,2026-04-20 0:00:00,2026-05-17 0:00:00,Technical Issue,No,None,Enterprise,Completed,Medium
CB-1110,Cinder Industries,Healthcare,Chennai,Mid (51-250),Growth,S. Kapoor,S. Reddy,18-Aug-2025,20-Aug-2025,,,Dropped,,,2025-Q3,Amit Singh,Low,2025-08-20 0:00:00,,Missing Documents,Yes,API,Mid-Market,Dropped,Low
CB-1111,Veridian Ventures,Logistics & Supply Chain,Bangalore,Small (1-50),Starter,S. Kapoor,T. D'Souza,31-Jan-2025,03-Feb-2025,13-Feb-2025,10,Completed,Yes,4.1,2025-Q1,Neha Patel,Medium,2025-02-03 0:00:00,2025-02-13 0:00:00,None,No,None,Mid-Market,Completed,High
CB-1112,Coral Industries,Manufacturing,Delhi NCR,Mid (51-250),Starter,P. Nair,M. Khan,02-May-2025,04-May-2025,23-May-2025,19,Completed,No,3.8,2025-Q2,Amit Singh,Medium,2025-05-04 0:00:00,2025-05-23 0:00:00,Technical Issue,Yes,SSO,Enterprise,Completed,Medium
CB-1113,Veridian Labs,Logistics & Supply Chain,Chennai,Large (251+),Enterprise,R. Iyer,S. Reddy,02-Nov-2025,04-Nov-2025,,,Dropped,,,2025-Q4,Priya Nair,High,2025-11-04 0:00:00,,Technical Issue,Yes,None,Mid-Market,Dropped,Low
CB-1114,Vertex Industries,FinTech,Hyderabad,Mid (51-250),Starter,A. Mehta,T. D'Souza,05-Jan-2025,07-Jan-2025,19-Jan-2025,12,Completed,Yes,4.3,2025-Q1,Neha Patel,High,2025-01-07 0:00:00,2025-01-19 0:00:00,None,Yes,HRMS,Enterprise,Completed,High
CB-1115,Lumen Technologies,Manufacturing,Hyderabad,Small (1-50),Starter,K. Joshi,T. D'Souza,27-Mar-2026,28-Mar-2026,27-Apr-2026,30,Completed,No,4.3,2026-Q1,Rahul Sharma,Low,2026-03-28 0:00:00,2026-04-27 0:00:00,Scope Change,Yes,ERP,SMB,Completed,Low
CB-1116,Anchor Industries,Real Estate,Ahmedabad,Mid (51-250),Enterprise,V. Shah,N. Verma,07-Feb-2026,09-Feb-2026,05-Mar-2026,24,Completed,No,4.6,2026-Q1,Amit Singh,High,2026-02-09 0:00:00,2026-03-05 0:00:00,Scope Change,No,None,Mid-Market,Completed,Low
CB-1117,Meridian Ventures,Professional Services,Mumbai,Large (251+),Growth,V. Shah,J. Pillai,18-Jan-2026,19-Jan-2026,15-Feb-2026,27,Completed,No,3.5,2026-Q1,Priya Nair,Medium,2026-01-19 0:00:00,2026-02-15 0:00:00,Missing Documents,Yes,ERP,Enterprise,Completed,Medium
CB-1118,Orbit Group,Hospitality,Chennai,Large (251+),Starter,R. Iyer,J. Pillai,02-Aug-2025,05-Aug-2025,24-Aug-2025,19,Completed,No,3.9,2025-Q3,Neha Patel,Medium,2025-08-05 0:00:00,2025-08-24 0:00:00,Scope Change,No,None,SMB,Completed,Low
CB-1119,Quantix Enterprises,Healthcare,Pune,Mid (51-250),Starter,R. Iyer,N. Verma,29-Nov-2025,01-Dec-2025,27-Dec-2025,26,Completed,No,4.5,2025-Q4,Priya Nair,Medium,2025-12-01 0:00:00,2025-12-27 0:00:00,Scope Change,No,None,SMB,Completed,High
CB-1120,Summit Enterprises,EdTech,Ahmedabad,Mid (51-250),Enterprise,V. Shah,T. D'Souza,05-Nov-2025,08-Nov-2025,11-Dec-2025,33,Completed,No,4,2025-Q4,Priya Nair,Low,2025-11-08 0:00:00,2025-12-11 0:00:00,Integration Delay,No,None,Enterprise,Completed,Medium
CB-1121,Beacon Pvt Ltd,FinTech,Bangalore,Small (1-50),Starter,R. Iyer,J. Pillai,12-Dec-2025,13-Dec-2025,01-Jan-2026,19,Completed,No,3.9,2025-Q4,Priya Nair,High,2025-12-13 0:00:00,2026-01-01 0:00:00,Scope Change,Yes,API,Mid-Market,Completed,Medium
CB-1122,Driftwood Industries,Real Estate,Delhi NCR,Mid (51-250),Growth,P. Nair,S. Reddy,13-Sep-2024,14-Sep-2024,02-Oct-2024,18,Completed,No,5,2024-Q3,Priya Nair,Medium,2024-09-14 0:00:00,2024-10-02 0:00:00,Technical Issue,Yes,API,SMB,Completed,Medium
CB-1123,Beacon Enterprises,Hospitality,Chennai,Large (251+),Enterprise,S. Kapoor,S. Reddy,22-Jul-2025,23-Jul-2025,18-Aug-2025,26,Completed,No,4.1,2025-Q3,Karan Mehta,Low,2025-07-23 0:00:00,2025-08-18 0:00:00,Customer Delay,No,None,Mid-Market,Completed,High
CB-1124,Orbit Technologies,EdTech,Chennai,Large (251+),Enterprise,R. Iyer,J. Pillai,28-Jun-2024,30-Jun-2024,20-Jul-2024,20,Completed,No,4.1,2024-Q2,Priya Nair,Medium,2024-06-30 0:00:00,2024-07-20 0:00:00,Customer Delay,No,None,Mid-Market,Completed,High
CB-1125,Granite Ventures,EdTech,Chennai,Small (1-50),Starter,P. Nair,J. Pillai,11-Sep-2025,14-Sep-2025,25-Sep-2025,11,Completed,Yes,4.4,2025-Q3,Rahul Sharma,Low,2025-09-14 0:00:00,2025-09-25 0:00:00,None,Yes,None,Enterprise,Completed,High
CB-1126,Orbit Ventures,Real Estate,Chennai,Mid (51-250),Starter,K. Joshi,S. Reddy,21-May-2025,23-May-2025,02-Jun-2025,10,Completed,Yes,3.8,2025-Q2,Priya Nair,Low,2025-05-23 0:00:00,2025-06-02 0:00:00,None,No,None,Mid-Market,Completed,High
CB-1127,Summit Enterprises,Hospitality,Chennai,Small (1-50),Starter,P. Nair,N. Verma,01-Dec-2024,03-Dec-2024,13-Dec-2024,10,Completed,Yes,3.6,2024-Q4,Priya Nair,Medium,2024-12-03 0:00:00,2024-12-13 0:00:00,None,Yes,None,SMB,Completed,Medium
CB-1128,Orbit Industries,Professional Services,Bangalore,Small (1-50),Enterprise,K. Joshi,J. Pillai,10-Oct-2024,12-Oct-2024,30-Oct-2024,18,Completed,No,3.7,2024-Q4,Amit Singh,Low,2024-10-12 0:00:00,2024-10-30 0:00:00,Resource Constraint,Yes,HRMS,SMB,Completed,Medium
CB-1129,Highline Solutions,EdTech,Chennai,Small (1-50),Starter,P. Nair,S. Reddy,07-Nov-2025,09-Nov-2025,24-Nov-2025,15,Completed,No,4.3,2025-Q4,Priya Nair,High,2025-11-09 0:00:00,2025-11-24 0:00:00,Technical Issue,No,None,Enterprise,Completed,Medium
CB-1130,Crestline Pvt Ltd,Manufacturing,Mumbai,Large (251+),Enterprise,R. Iyer,S. Reddy,30-Dec-2024,31-Dec-2024,29-Jan-2025,29,Completed,No,5,2024-Q4,Amit Singh,High,2024-12-31 0:00:00,2025-01-29 0:00:00,Integration Delay,Yes,CRM,SMB,Completed,Low
CB-1131,Orbit Networks,Logistics & Supply Chain,Bangalore,Small (1-50),Starter,S. Kapoor,T. D'Souza,28-Apr-2026,30-Apr-2026,20-May-2026,20,Completed,No,3.9,2026-Q2,Priya Nair,High,2026-04-30 0:00:00,2026-05-20 0:00:00,Customer Delay,Yes,ERP,SMB,Completed,Low
CB-1132,Lumen Labs,FinTech,Bangalore,Small (1-50),Enterprise,R. Iyer,S. Reddy,03-Nov-2025,06-Nov-2025,,,Dropped,,,2025-Q4,Priya Nair,Medium,2025-11-06 0:00:00,,Customer Delay,No,None,Enterprise,Dropped,Low
CB-1133,Brightline Technologies,Real Estate,Ahmedabad,Large (251+),Growth,A. Mehta,S. Reddy,03-Jun-2025,05-Jun-2025,24-Jun-2025,19,Completed,No,4.5,2025-Q2,Priya Nair,High,2025-06-05 0:00:00,2025-06-24 0:00:00,Technical Issue,Yes,SSO,Mid-Market,Completed,Medium
CB-1134,Cobalt Ventures,Healthcare,Bangalore,Small (1-50),Starter,R. Iyer,S. Reddy,09-Nov-2025,12-Nov-2025,07-Dec-2025,25,Completed,No,2.9,2025-Q4,Karan Mehta,Low,2025-11-12 0:00:00,2025-12-07 0:00:00,Missing Documents,Yes,API,Enterprise,Completed,High
CB-1135,Larkspur Solutions,Hospitality,Hyderabad,Mid (51-250),Enterprise,K. Joshi,S. Reddy,13-May-2024,16-May-2024,07-Jun-2024,22,Completed,No,4.3,2024-Q2,Amit Singh,Medium,2024-05-16 0:00:00,2024-06-07 0:00:00,Resource Constraint,No,None,SMB,Completed,Low
CB-1136,Lumen Ventures,EdTech,Hyderabad,Mid (51-250),Growth,K. Joshi,T. D'Souza,13-May-2026,14-May-2026,03-Jun-2026,20,Completed,No,3.1,2026-Q2,Karan Mehta,Low,2026-05-14 0:00:00,2026-06-03 0:00:00,Missing Documents,No,None,Mid-Market,Completed,High
CB-1137,Quantix Group,Real Estate,Chennai,Large (251+),Enterprise,S. Kapoor,N. Verma,04-Sep-2025,05-Sep-2025,04-Oct-2025,29,Completed,No,5,2025-Q3,Rahul Sharma,High,2025-09-05 0:00:00,2025-10-04 0:00:00,Missing Documents,Yes,None,SMB,Completed,High
CB-1138,Summit Industries,EdTech,Delhi NCR,Large (251+),Enterprise,A. Mehta,T. D'Souza,19-Feb-2026,21-Feb-2026,23-Mar-2026,30,Completed,No,3.5,2026-Q1,Rahul Sharma,High,2026-02-21 0:00:00,2026-03-23 0:00:00,Technical Issue,Yes,CRM,SMB,Completed,Low
CB-1139,Stratos Solutions,Logistics & Supply Chain,Bangalore,Mid (51-250),Growth,K. Joshi,M. Khan,10-Sep-2024,11-Sep-2024,25-Sep-2024,14,Completed,Yes,3.2,2024-Q3,Rahul Sharma,Low,2024-09-11 0:00:00,2024-09-25 0:00:00,None,Yes,CRM,Mid-Market,Completed,Low
CB-1140,Meridian Ventures,Manufacturing,Bangalore,Small (1-50),Starter,S. Kapoor,J. Pillai,07-Sep-2025,10-Sep-2025,02-Oct-2025,22,Completed,No,3.8,2025-Q3,Priya Nair,High,2025-09-10 0:00:00,2025-10-02 0:00:00,Integration Delay,Yes,ERP,SMB,Completed,Low
CB-1141,Quantix Systems,Manufacturing,Hyderabad,Mid (51-250),Growth,R. Iyer,N. Verma,09-Sep-2025,11-Sep-2025,06-Oct-2025,25,Completed,No,4.3,2025-Q3,Priya Nair,Low,2025-09-11 0:00:00,2025-10-06 0:00:00,Integration Delay,No,None,Mid-Market,Completed,High
CB-1142,Westgate Ventures,Professional Services,Pune,Small (1-50),Starter,P. Nair,J. Pillai,04-May-2026,07-May-2026,30-May-2026,23,Completed,No,3,2026-Q2,Amit Singh,Low,2026-05-07 0:00:00,2026-05-30 0:00:00,Technical Issue,No,None,Enterprise,Completed,Medium
CB-1143,Pivotal Group,FinTech,Ahmedabad,Mid (51-250),Starter,S. Kapoor,T. D'Souza,28-Oct-2025,29-Oct-2025,,,Dropped,,,2025-Q4,Amit Singh,High,2025-10-29 0:00:00,,Integration Delay,No,None,Mid-Market,Dropped,Low
CB-1144,Beacon Ventures,Retail & E-commerce,Delhi NCR,Large (251+),Enterprise,V. Shah,N. Verma,29-Aug-2025,01-Sep-2025,30-Sep-2025,29,Completed,No,4.8,2025-Q3,Rahul Sharma,High,2025-09-01 0:00:00,2025-09-30 0:00:00,Scope Change,No,None,SMB,Completed,High
CB-1145,Trailmark Systems,Logistics & Supply Chain,Pune,Mid (51-250),Growth,K. Joshi,J. Pillai,31-Mar-2025,02-Apr-2025,24-Apr-2025,22,Completed,No,3.5,2025-Q1,Rahul Sharma,Medium,2025-04-02 0:00:00,2025-04-24 0:00:00,Resource Constraint,No,None,Enterprise,Completed,Medium
CB-1146,Beacon Systems,Logistics & Supply Chain,Chennai,Mid (51-250),Growth,S. Kapoor,J. Pillai,22-May-2025,24-May-2025,08-Jun-2025,15,Completed,No,4.6,2025-Q2,Karan Mehta,Low,2025-05-24 0:00:00,2025-06-08 0:00:00,Customer Delay,No,None,SMB,Completed,High
CB-1147,Coral Pvt Ltd,Logistics & Supply Chain,Mumbai,Mid (51-250),Enterprise,V. Shah,J. Pillai,28-Sep-2025,29-Sep-2025,22-Oct-2025,23,Completed,No,4.9,2025-Q3,Neha Patel,Medium,2025-09-29 0:00:00,2025-10-22 0:00:00,Missing Documents,Yes,API,Enterprise,Completed,Medium
CB-1148,Quantix Industries,Healthcare,Delhi NCR,Large (251+),Enterprise,R. Iyer,M. Khan,07-Aug-2025,10-Aug-2025,04-Sep-2025,25,Completed,No,4.1,2025-Q3,Amit Singh,High,2025-08-10 0:00:00,2025-09-04 0:00:00,Technical Issue,No,None,Enterprise,Completed,High
CB-1149,Vertex Pvt Ltd,Healthcare,Pune,Mid (51-250),Starter,R. Iyer,S. Reddy,09-May-2024,12-May-2024,21-May-2024,9,Completed,Yes,4.3,2024-Q2,Karan Mehta,Medium,2024-05-12 0:00:00,2024-05-21 0:00:00,None,No,None,SMB,Completed,Medium
CB-1150,Beacon Labs,Retail & E-commerce,Chennai,Mid (51-250),Starter,R. Iyer,T. D'Souza,12-Mar-2026,13-Mar-2026,08-Apr-2026,26,Completed,No,4.1,2026-Q1,Karan Mehta,Medium,2026-03-13 0:00:00,2026-04-08 0:00:00,Resource Constraint,Yes,None,SMB,Completed,Low
CB-1151,Cobalt Labs,Healthcare,Ahmedabad,Small (1-50),Starter,V. Shah,T. D'Souza,14-Apr-2026,15-Apr-2026,10-May-2026,25,Completed,No,2.6,2026-Q2,Amit Singh,Medium,2026-04-15 0:00:00,2026-05-10 0:00:00,Missing Documents,No,None,Enterprise,Completed,High
CB-1152,Foxglove Industries,FinTech,Chennai,Large (251+),Enterprise,P. Nair,M. Khan,26-Nov-2024,28-Nov-2024,14-Dec-2024,16,Completed,No,3.9,2024-Q4,Neha Patel,High,2024-11-28 0:00:00,2024-12-14 0:00:00,Integration Delay,Yes,HRMS,Mid-Market,Completed,Low
CB-1153,Harborlight Networks,Hospitality,Delhi NCR,Small (1-50),Growth,V. Shah,M. Khan,18-Oct-2025,19-Oct-2025,04-Nov-2025,16,Completed,No,4.2,2025-Q4,Rahul Sharma,High,2025-10-19 0:00:00,2025-11-04 0:00:00,Technical Issue,No,None,SMB,Completed,Medium
CB-1154,Pivotal Group,Professional Services,Delhi NCR,Small (1-50),Growth,V. Shah,T. D'Souza,17-Oct-2024,18-Oct-2024,06-Nov-2024,19,Completed,No,5,2024-Q4,Karan Mehta,Low,2024-10-18 0:00:00,2024-11-06 0:00:00,Missing Documents,No,None,Mid-Market,Completed,Low
CB-1155,Driftwood Solutions,Hospitality,Pune,Small (1-50),Starter,R. Iyer,S. Reddy,24-Dec-2025,26-Dec-2025,14-Jan-2026,19,Completed,No,3.4,2025-Q4,Priya Nair,Medium,2025-12-26 0:00:00,2026-01-14 0:00:00,Resource Constraint,Yes,ERP,Enterprise,Completed,Medium
CB-1156,Meridian Industries,Manufacturing,Pune,Small (1-50),Starter,P. Nair,S. Reddy,12-Apr-2025,13-Apr-2025,29-Apr-2025,16,Completed,No,3.5,2025-Q2,Priya Nair,Low,2025-04-13 0:00:00,2025-04-29 0:00:00,Scope Change,Yes,None,SMB,Completed,Medium
CB-1157,Driftwood Labs,Manufacturing,Pune,Large (251+),Starter,V. Shah,M. Khan,17-Dec-2025,18-Dec-2025,04-Jan-2026,17,Completed,No,3.3,2025-Q4,Amit Singh,High,2025-12-18 0:00:00,2026-01-04 0:00:00,Resource Constraint,Yes,None,Mid-Market,Completed,Medium
CB-1158,Cinder Industries,EdTech,Ahmedabad,Small (1-50),Starter,K. Joshi,J. Pillai,22-Jan-2026,25-Jan-2026,16-Feb-2026,22,Completed,No,3.8,2026-Q1,Priya Nair,High,2026-01-25 0:00:00,2026-02-16 0:00:00,Missing Documents,No,None,Enterprise,Completed,High
CB-1159,Granite Labs,Real Estate,Chennai,Mid (51-250),Starter,R. Iyer,T. D'Souza,12-Feb-2026,15-Feb-2026,10-Mar-2026,23,Completed,No,3.7,2026-Q1,Amit Singh,Low,2026-02-15 0:00:00,2026-03-10 0:00:00,Technical Issue,No,None,Enterprise,Completed,Low
CB-1160,Westgate Networks,Professional Services,Mumbai,Mid (51-250),Starter,A. Mehta,T. D'Souza,16-Oct-2024,17-Oct-2024,03-Nov-2024,17,Completed,No,3.2,2024-Q4,Neha Patel,High,2024-10-17 0:00:00,2024-11-03 0:00:00,Customer Delay,No,None,SMB,Completed,High
CB-1161,Cobalt Labs,Real Estate,Delhi NCR,Large (251+),Growth,P. Nair,N. Verma,24-Apr-2026,26-Apr-2026,24-May-2026,28,Completed,No,4.7,2026-Q2,Neha Patel,Medium,2026-04-26 0:00:00,2026-05-24 0:00:00,Integration Delay,No,None,Enterprise,Completed,Medium
CB-1162,Harborlight Labs,Retail & E-commerce,Chennai,Small (1-50),Starter,A. Mehta,T. D'Souza,27-Feb-2025,01-Mar-2025,15-Mar-2025,14,Completed,Yes,4.1,2025-Q1,Amit Singh,Low,2025-03-01 0:00:00,2025-03-15 0:00:00,None,No,None,Mid-Market,Completed,High
CB-1163,Pivotal Industries,Hospitality,Delhi NCR,Small (1-50),Starter,V. Shah,N. Verma,19-Jun-2024,20-Jun-2024,01-Jul-2024,11,Completed,Yes,4.5,2024-Q2,Karan Mehta,Low,2024-06-20 0:00:00,2024-07-01 0:00:00,None,Yes,ERP,Mid-Market,Completed,Medium
CB-1164,Foxglove Industries,EdTech,Chennai,Small (1-50),Starter,A. Mehta,N. Verma,18-Oct-2025,20-Oct-2025,09-Nov-2025,20,Completed,No,4,2025-Q4,Karan Mehta,Low,2025-10-20 0:00:00,2025-11-09 0:00:00,Customer Delay,No,None,Mid-Market,Completed,Medium
CB-1165,Granite Enterprises,Real Estate,Pune,Small (1-50),Starter,K. Joshi,S. Reddy,21-Jun-2025,24-Jun-2025,07-Jul-2025,13,Completed,Yes,4,2025-Q2,Karan Mehta,Medium,2025-06-24 0:00:00,2025-07-07 0:00:00,None,Yes,CRM,Enterprise,Completed,High
CB-1166,Meridian Solutions,Manufacturing,Chennai,Large (251+),Enterprise,K. Joshi,J. Pillai,14-Mar-2026,15-Mar-2026,15-Apr-2026,31,Completed,No,4.1,2026-Q1,Amit Singh,Low,2026-03-15 0:00:00,2026-04-15 0:00:00,Resource Constraint,No,None,Enterprise,Completed,High
CB-1167,Skyward Solutions,Professional Services,Hyderabad,Small (1-50),Starter,R. Iyer,T. D'Souza,03-Mar-2026,05-Mar-2026,26-Mar-2026,21,Completed,No,3.7,2026-Q1,Amit Singh,Low,2026-03-05 0:00:00,2026-03-26 0:00:00,Resource Constraint,No,None,SMB,Completed,Medium
CB-1168,Summit Labs,Hospitality,Ahmedabad,Mid (51-250),Starter,R. Iyer,M. Khan,11-May-2025,14-May-2025,30-May-2025,16,Completed,No,2.9,2025-Q2,Amit Singh,High,2025-05-14 0:00:00,2025-05-30 0:00:00,Missing Documents,No,None,Enterprise,Completed,Medium
CB-1169,Cobalt Technologies,Professional Services,Chennai,Mid (51-250),Enterprise,K. Joshi,T. D'Souza,10-May-2026,12-May-2026,20-Jun-2026,39,Completed,No,3.3,2026-Q2,Priya Nair,Medium,2026-05-12 0:00:00,2026-06-20 0:00:00,Technical Issue,No,None,SMB,Completed,Medium
CB-1170,Beacon Systems,Logistics & Supply Chain,Ahmedabad,Mid (51-250),Starter,P. Nair,T. D'Souza,20-Apr-2025,22-Apr-2025,03-May-2025,11,Completed,Yes,3.8,2025-Q2,Karan Mehta,Medium,2025-04-22 0:00:00,2025-05-03 0:00:00,None,No,None,Enterprise,Completed,Medium
CB-1171,Larkspur Industries,EdTech,Pune,Large (251+),Growth,P. Nair,S. Reddy,24-Sep-2025,25-Sep-2025,11-Oct-2025,16,Completed,No,3.6,2025-Q3,Karan Mehta,High,2025-09-25 0:00:00,2025-10-11 0:00:00,Technical Issue,No,None,Mid-Market,Completed,High
CB-1172,Meridian Systems,FinTech,Mumbai,Mid (51-250),Starter,V. Shah,N. Verma,22-Mar-2025,24-Mar-2025,,,Dropped,,,2025-Q1,Neha Patel,Low,2025-03-24 0:00:00,,Customer Delay,Yes,ERP,Enterprise,Dropped,Low
CB-1173,Cinder Pvt Ltd,Professional Services,Delhi NCR,Large (251+),Enterprise,R. Iyer,M. Khan,03-May-2026,06-May-2026,03-Jun-2026,28,Completed,No,3.5,2026-Q2,Priya Nair,Low,2026-05-06 0:00:00,2026-06-03 0:00:00,Integration Delay,Yes,ERP,SMB,Completed,Medium
CB-1174,Granite Industries,Real Estate,Pune,Large (251+),Starter,S. Kapoor,M. Khan,23-Dec-2024,25-Dec-2024,08-Jan-2025,14,Completed,Yes,5,2024-Q4,Karan Mehta,High,2024-12-25 0:00:00,2025-01-08 0:00:00,None,No,None,SMB,Completed,Medium
CB-1175,Coral Solutions,FinTech,Mumbai,Large (251+),Starter,P. Nair,S. Reddy,05-Jul-2024,08-Jul-2024,12-Jul-2024,4,Completed,Yes,4,2024-Q3,Amit Singh,Medium,2024-07-08 0:00:00,2024-07-12 0:00:00,None,No,None,SMB,Completed,Low
CB-1176,Northbridge Ventures,Manufacturing,Ahmedabad,Mid (51-250),Enterprise,V. Shah,N. Verma,04-Aug-2025,05-Aug-2025,28-Aug-2025,23,Completed,No,3.5,2025-Q3,Neha Patel,Low,2025-08-05 0:00:00,2025-08-28 0:00:00,Customer Delay,Yes,None,Mid-Market,Completed,Low
CB-1177,Orbit Technologies,Hospitality,Mumbai,Mid (51-250),Starter,A. Mehta,M. Khan,28-May-2026,30-May-2026,23-Jun-2026,24,Completed,No,3.7,2026-Q2,Karan Mehta,Low,2026-05-30 0:00:00,2026-06-23 0:00:00,Technical Issue,No,None,Mid-Market,Completed,Medium
CB-1178,Solace Enterprises,EdTech,Delhi NCR,Mid (51-250),Growth,V. Shah,T. D'Souza,12-Apr-2026,13-Apr-2026,05-May-2026,22,Completed,No,3.8,2026-Q2,Priya Nair,Medium,2026-04-13 0:00:00,2026-05-05 0:00:00,Resource Constraint,No,None,SMB,Completed,Medium
CB-1179,Cobalt Systems,Manufacturing,Chennai,Mid (51-250),Growth,R. Iyer,S. Reddy,02-Feb-2026,05-Feb-2026,27-Feb-2026,22,Completed,No,4,2026-Q1,Rahul Sharma,Low,2026-02-05 0:00:00,2026-02-27 0:00:00,Integration Delay,Yes,HRMS,SMB,Completed,Low
CB-1180,Lumen Pvt Ltd,Professional Services,Pune,Large (251+),Growth,A. Mehta,T. D'Souza,12-Apr-2026,13-Apr-2026,07-May-2026,24,Completed,No,4.8,2026-Q2,Neha Patel,Medium,2026-04-13 0:00:00,2026-05-07 0:00:00,Integration Delay,Yes,SSO,Mid-Market,Completed,Medium
CB-1181,Apex Systems,Logistics & Supply Chain,Pune,Mid (51-250),Starter,P. Nair,M. Khan,13-Apr-2026,16-Apr-2026,07-May-2026,21,Completed,No,3.1,2026-Q2,Karan Mehta,Medium,2026-04-16 0:00:00,2026-05-07 0:00:00,Scope Change,Yes,SSO,Mid-Market,Completed,Low
CB-1182,Nimbus Systems,EdTech,Mumbai,Small (1-50),Starter,V. Shah,M. Khan,27-Sep-2025,28-Sep-2025,15-Oct-2025,17,Completed,No,4.9,2025-Q3,Amit Singh,Medium,2025-09-28 0:00:00,2025-10-15 0:00:00,Integration Delay,No,None,Mid-Market,Completed,Medium
CB-1183,Coral Technologies,Logistics & Supply Chain,Chennai,Mid (51-250),Growth,K. Joshi,M. Khan,10-May-2025,12-May-2025,06-Jun-2025,25,Completed,No,4,2025-Q2,Karan Mehta,High,2025-05-12 0:00:00,2025-06-06 0:00:00,Scope Change,No,None,Enterprise,Completed,High
CB-1184,Highline Systems,FinTech,Ahmedabad,Mid (51-250),Growth,K. Joshi,S. Reddy,13-Feb-2026,15-Feb-2026,06-Mar-2026,19,Completed,No,2.8,2026-Q1,Neha Patel,Low,2026-02-15 0:00:00,2026-03-06 0:00:00,Missing Documents,No,None,SMB,Completed,Low
CB-1185,Cobalt Group,Retail & E-commerce,Hyderabad,Mid (51-250),Growth,S. Kapoor,M. Khan,18-Dec-2025,19-Dec-2025,10-Jan-2026,22,Completed,No,3.5,2025-Q4,Neha Patel,Medium,2025-12-19 0:00:00,2026-01-10 0:00:00,Missing Documents,No,None,SMB,Completed,Medium
CB-1186,Harborlight Solutions,EdTech,Hyderabad,Mid (51-250),Starter,R. Iyer,J. Pillai,23-Jun-2025,24-Jun-2025,11-Jul-2025,17,Completed,No,3.9,2025-Q2,Neha Patel,Medium,2025-06-24 0:00:00,2025-07-11 0:00:00,Customer Delay,No,None,SMB,Completed,Low
CB-1187,Lumen Solutions,Professional Services,Delhi NCR,Mid (51-250),Enterprise,K. Joshi,M. Khan,28-Sep-2024,29-Sep-2024,20-Oct-2024,21,Completed,No,3.8,2024-Q3,Neha Patel,Medium,2024-09-29 0:00:00,2024-10-20 0:00:00,Integration Delay,No,None,Enterprise,Completed,Medium
CB-1188,Coral Ventures,Retail & E-commerce,Ahmedabad,Mid (51-250),Growth,V. Shah,S. Reddy,01-Feb-2026,02-Feb-2026,01-Mar-2026,27,Completed,No,3.3,2026-Q1,Priya Nair,Medium,2026-02-02 0:00:00,2026-03-01 0:00:00,Scope Change,Yes,SSO,Enterprise,Completed,Low
CB-1189,Lumen Industries,Healthcare,Ahmedabad,Large (251+),Enterprise,S. Kapoor,S. Reddy,27-Mar-2025,30-Mar-2025,26-Apr-2025,27,Completed,No,3.3,2025-Q1,Rahul Sharma,Low,2025-03-30 0:00:00,2025-04-26 0:00:00,Customer Delay,Yes,HRMS,SMB,Completed,High
CB-1190,Trailmark Group,Retail & E-commerce,Delhi NCR,Mid (51-250),Growth,S. Kapoor,J. Pillai,03-May-2026,06-May-2026,07-Jun-2026,32,Completed,No,3.8,2026-Q2,Rahul Sharma,High,2026-05-06 0:00:00,2026-06-07 0:00:00,Customer Delay,Yes,HRMS,Enterprise,Completed,Medium
CB-1191,Vertex Systems,Manufacturing,Delhi NCR,Small (1-50),Starter,K. Joshi,N. Verma,08-Mar-2025,11-Mar-2025,,,Dropped,,,2025-Q1,Rahul Sharma,Low,2025-03-11 0:00:00,,Resource Constraint,No,None,Mid-Market,Dropped,Medium
CB-1192,Harborlight Pvt Ltd,Manufacturing,Pune,Mid (51-250),Growth,V. Shah,N. Verma,05-Nov-2024,08-Nov-2024,,,Dropped,,,2024-Q4,Amit Singh,Medium,2024-11-08 0:00:00,,Customer Delay,Yes,API,SMB,Dropped,High
CB-1193,Beacon Technologies,Real Estate,Mumbai,Mid (51-250),Growth,A. Mehta,M. Khan,15-Mar-2026,17-Mar-2026,16-Apr-2026,30,Completed,No,4,2026-Q1,Rahul Sharma,High,2026-03-17 0:00:00,2026-04-16 0:00:00,Integration Delay,No,None,Mid-Market,Completed,High
CB-1194,Brightline Technologies,FinTech,Pune,Large (251+),Enterprise,V. Shah,N. Verma,11-Dec-2024,14-Dec-2024,09-Jan-2025,26,Completed,No,3.3,2024-Q4,Priya Nair,High,2024-12-14 0:00:00,2025-01-09 0:00:00,Resource Constraint,Yes,SSO,Enterprise,Completed,Medium
CB-1195,Trailmark Ventures,Hospitality,Ahmedabad,Small (1-50),Starter,S. Kapoor,M. Khan,08-Jan-2025,10-Jan-2025,,,Dropped,,,2025-Q1,Rahul Sharma,Medium,2025-01-10 0:00:00,,Missing Documents,Yes,None,Enterprise,Dropped,Medium
CB-1196,Brightline Pvt Ltd,FinTech,Hyderabad,Small (1-50),Starter,P. Nair,M. Khan,13-Nov-2025,15-Nov-2025,01-Dec-2025,16,Completed,No,4.2,2025-Q4,Amit Singh,Low,2025-11-15 0:00:00,2025-12-01 0:00:00,Customer Delay,No,None,Mid-Market,Completed,High
CB-1197,Granite Technologies,Retail & E-commerce,Ahmedabad,Small (1-50),Growth,S. Kapoor,N. Verma,04-Apr-2026,05-Apr-2026,29-Apr-2026,24,Completed,No,4,2026-Q2,Amit Singh,Medium,2026-04-05 0:00:00,2026-04-29 0:00:00,Missing Documents,Yes,HRMS,Mid-Market,Completed,Medium
CB-1198,Orbit Solutions,Manufacturing,Chennai,Mid (51-250),Enterprise,P. Nair,S. Reddy,25-Jan-2025,26-Jan-2025,19-Feb-2025,24,Completed,No,4,2025-Q1,Neha Patel,Medium,2025-01-26 0:00:00,2025-02-19 0:00:00,Integration Delay,Yes,HRMS,Enterprise,Completed,Low
CB-1199,Foxglove Networks,Professional Services,Chennai,Large (251+),Enterprise,K. Joshi,N. Verma,06-May-2025,08-May-2025,05-Jun-2025,28,Completed,No,4.7,2025-Q2,Karan Mehta,Low,2025-05-08 0:00:00,2025-06-05 0:00:00,Technical Issue,No,None,SMB,Completed,High
CB-1200,Cinder Enterprises,FinTech,Bangalore,Small (1-50),Growth,P. Nair,M. Khan,16-Feb-2026,19-Feb-2026,12-Mar-2026,21,Completed,No,4.5,2026-Q1,Karan Mehta,Medium,2026-02-19 0:00:00,2026-03-12 0:00:00,Missing Documents,Yes,API,Mid-Market,Completed,Medium
CB-1201,Westgate Labs,FinTech,Delhi NCR,Large (251+),Enterprise,R. Iyer,N. Verma,19-May-2026,21-May-2026,25-Jun-2026,35,Completed,No,3.5,2026-Q2,Amit Singh,High,2026-05-21 0:00:00,2026-06-25 0:00:00,Technical Issue,No,None,Enterprise,Completed,Medium
CB-1202,Beacon Ventures,FinTech,Chennai,Mid (51-250),Starter,P. Nair,T. D'Souza,16-Sep-2025,19-Sep-2025,04-Oct-2025,15,Completed,No,3.1,2025-Q3,Neha Patel,High,2025-09-19 0:00:00,2025-10-04 0:00:00,Resource Constraint,No,None,SMB,Completed,Medium
CB-1203,Northbridge Solutions,Healthcare,Mumbai,Mid (51-250),Enterprise,V. Shah,J. Pillai,30-Nov-2024,01-Dec-2024,21-Dec-2024,20,Completed,No,3.5,2024-Q4,Rahul Sharma,Medium,2024-12-01 0:00:00,2024-12-21 0:00:00,Customer Delay,No,None,Mid-Market,Completed,Low
CB-1204,Anchor Systems,Professional Services,Chennai,Small (1-50),Starter,A. Mehta,S. Reddy,14-Apr-2024,15-Apr-2024,26-Apr-2024,11,Completed,Yes,3.4,2024-Q2,Neha Patel,High,2024-04-15 0:00:00,2024-04-26 0:00:00,None,Yes,SSO,Mid-Market,Completed,High
CB-1205,Driftwood Industries,Logistics & Supply Chain,Pune,Large (251+),Enterprise,A. Mehta,T. D'Souza,26-Feb-2025,27-Feb-2025,23-Mar-2025,24,Completed,No,4.3,2025-Q1,Neha Patel,High,2025-02-27 0:00:00,2025-03-23 0:00:00,Technical Issue,Yes,None,Mid-Market,Completed,High
CB-1206,Ironwood Industries,FinTech,Mumbai,Small (1-50),Starter,P. Nair,J. Pillai,16-Nov-2024,18-Nov-2024,01-Dec-2024,13,Completed,Yes,3.2,2024-Q4,Rahul Sharma,Low,2024-11-18 0:00:00,2024-12-01 0:00:00,None,Yes,CRM,Enterprise,Completed,Medium
CB-1207,Veridian Pvt Ltd,Logistics & Supply Chain,Chennai,Small (1-50),Starter,A. Mehta,T. D'Souza,27-Dec-2025,29-Dec-2025,19-Jan-2026,21,Completed,No,3.9,2025-Q4,Amit Singh,Medium,2025-12-29 0:00:00,2026-01-19 0:00:00,Customer Delay,Yes,CRM,Mid-Market,Completed,High
CB-1208,Driftwood Group,Manufacturing,Hyderabad,Small (1-50),Starter,V. Shah,T. D'Souza,03-Nov-2024,06-Nov-2024,17-Nov-2024,11,Completed,Yes,4.4,2024-Q4,Rahul Sharma,Low,2024-11-06 0:00:00,2024-11-17 0:00:00,None,Yes,HRMS,Mid-Market,Completed,Low
CB-1209,Brightline Pvt Ltd,Retail & E-commerce,Ahmedabad,Mid (51-250),Growth,P. Nair,M. Khan,19-Sep-2025,22-Sep-2025,13-Oct-2025,21,Completed,No,5,2025-Q3,Karan Mehta,High,2025-09-22 0:00:00,2025-10-13 0:00:00,Customer Delay,Yes,SSO,Enterprise,Completed,Medium
CB-1210,Coral Technologies,EdTech,Delhi NCR,Small (1-50),Growth,V. Shah,T. D'Souza,04-Jan-2026,05-Jan-2026,03-Feb-2026,29,Completed,No,4.5,2026-Q1,Amit Singh,Low,2026-01-05 0:00:00,2026-02-03 0:00:00,Missing Documents,No,None,Enterprise,Completed,Low
CB-1211,Veridian Group,Healthcare,Mumbai,Large (251+),Enterprise,S. Kapoor,N. Verma,03-Nov-2025,04-Nov-2025,04-Dec-2025,30,Completed,No,3.5,2025-Q4,Neha Patel,High,2025-11-04 0:00:00,2025-12-04 0:00:00,Integration Delay,Yes,ERP,Mid-Market,Completed,Medium
CB-1212,Ironwood Systems,Retail & E-commerce,Ahmedabad,Large (251+),Growth,K. Joshi,T. D'Souza,29-Jan-2025,01-Feb-2025,19-Feb-2025,18,Completed,No,4.3,2025-Q1,Neha Patel,Low,2025-02-01 0:00:00,2025-02-19 0:00:00,Integration Delay,Yes,None,Enterprise,Completed,High
CB-1213,Driftwood Systems,Real Estate,Ahmedabad,Large (251+),Growth,S. Kapoor,T. D'Souza,01-Mar-2026,02-Mar-2026,,,Dropped,,,2026-Q1,Amit Singh,High,2026-03-02 0:00:00,,Scope Change,Yes,None,Mid-Market,Dropped,Low
CB-1214,Anchor Pvt Ltd,Logistics & Supply Chain,Pune,Small (1-50),Growth,P. Nair,M. Khan,16-Jan-2026,18-Jan-2026,13-Feb-2026,26,Completed,No,4.9,2026-Q1,Priya Nair,Low,2026-01-18 0:00:00,2026-02-13 0:00:00,Customer Delay,Yes,API,SMB,Completed,Low
CB-1215,Vertex Systems,FinTech,Hyderabad,Large (251+),Enterprise,S. Kapoor,T. D'Souza,28-Jan-2026,29-Jan-2026,01-Mar-2026,31,Completed,No,4.3,2026-Q1,Amit Singh,High,2026-01-29 0:00:00,2026-03-01 0:00:00,Missing Documents,No,None,Enterprise,Completed,Low
CB-1216,Ironwood Systems,FinTech,Mumbai,Mid (51-250),Starter,S. Kapoor,N. Verma,15-Nov-2024,18-Nov-2024,04-Dec-2024,16,Completed,No,3.7,2024-Q4,Neha Patel,Medium,2024-11-18 0:00:00,2024-12-04 0:00:00,Missing Documents,No,None,Enterprise,Completed,Medium
CB-1217,Cinder Systems,Professional Services,Hyderabad,Small (1-50),Starter,K. Joshi,N. Verma,06-Nov-2024,08-Nov-2024,21-Nov-2024,13,Completed,Yes,4.6,2024-Q4,Rahul Sharma,Medium,2024-11-08 0:00:00,2024-11-21 0:00:00,None,Yes,CRM,Enterprise,Completed,High
CB-1218,Vertex Technologies,Retail & E-commerce,Ahmedabad,Small (1-50),Starter,K. Joshi,N. Verma,29-Apr-2026,01-May-2026,,,Dropped,,,2026-Q2,Karan Mehta,High,2026-05-01 0:00:00,,Missing Documents,Yes,SSO,Enterprise,Dropped,Medium
CB-1219,Apex Pvt Ltd,Healthcare,Pune,Small (1-50),Starter,R. Iyer,S. Reddy,10-Jul-2025,12-Jul-2025,27-Jul-2025,15,Completed,No,4.1,2025-Q3,Neha Patel,Medium,2025-07-12 0:00:00,2025-07-27 0:00:00,Customer Delay,No,None,SMB,Completed,High
CB-1220,Lumen Industries,Healthcare,Chennai,Large (251+),Enterprise,A. Mehta,J. Pillai,28-Apr-2025,01-May-2025,25-May-2025,24,Completed,No,4.1,2025-Q2,Neha Patel,Medium,2025-05-01 0:00:00,2025-05-25 0:00:00,Technical Issue,No,None,Mid-Market,Completed,Medium
CB-1221,Solace Labs,Real Estate,Delhi NCR,Mid (51-250),Starter,K. Joshi,M. Khan,08-Sep-2025,11-Sep-2025,03-Oct-2025,22,Completed,No,2.8,2025-Q3,Amit Singh,Low,2025-09-11 0:00:00,2025-10-03 0:00:00,Technical Issue,Yes,ERP,Enterprise,Completed,Medium
CB-1222,Foxglove Ventures,FinTech,Chennai,Mid (51-250),Starter,A. Mehta,N. Verma,19-Dec-2025,22-Dec-2025,10-Jan-2026,19,Completed,No,3.2,2025-Q4,Rahul Sharma,Low,2025-12-22 0:00:00,2026-01-10 0:00:00,Scope Change,No,None,SMB,Completed,Low
CB-1223,Granite Pvt Ltd,Retail & E-commerce,Chennai,Small (1-50),Starter,R. Iyer,M. Khan,12-May-2026,14-May-2026,07-Jun-2026,24,Completed,No,3.6,2026-Q2,Priya Nair,Low,2026-05-14 0:00:00,2026-06-07 0:00:00,Scope Change,Yes,API,SMB,Completed,Medium
CB-1224,Nimbus Networks,Manufacturing,Pune,Large (251+),Enterprise,V. Shah,T. D'Souza,17-Apr-2025,18-Apr-2025,14-May-2025,26,Completed,No,3.9,2025-Q2,Rahul Sharma,Low,2025-04-18 0:00:00,2025-05-14 0:00:00,Scope Change,Yes,CRM,SMB,Completed,Medium
CB-1225,Anchor Technologies,Manufacturing,Chennai,Mid (51-250),Growth,S. Kapoor,J. Pillai,28-Apr-2026,01-May-2026,28-May-2026,27,Completed,No,3.5,2026-Q2,Neha Patel,Medium,2026-05-01 0:00:00,2026-05-28 0:00:00,Resource Constraint,Yes,SSO,Mid-Market,Completed,High
CB-1226,Crestline Ventures,Logistics & Supply Chain,Chennai,Small (1-50),Starter,P. Nair,N. Verma,19-May-2024,20-May-2024,01-Jun-2024,12,Completed,Yes,4,2024-Q2,Karan Mehta,Medium,2024-05-20 0:00:00,2024-06-01 0:00:00,None,Yes,HRMS,Enterprise,Completed,Medium
CB-1227,Beacon Ventures,Manufacturing,Bangalore,Small (1-50),Growth,P. Nair,T. D'Souza,19-Oct-2025,21-Oct-2025,16-Nov-2025,26,Completed,No,3.9,2025-Q4,Amit Singh,Medium,2025-10-21 0:00:00,2025-11-16 0:00:00,Customer Delay,Yes,API,SMB,Completed,Low
CB-1228,Apex Industries,Retail & E-commerce,Hyderabad,Large (251+),Starter,R. Iyer,S. Reddy,03-Dec-2025,04-Dec-2025,26-Dec-2025,22,Completed,No,4.3,2025-Q4,Amit Singh,High,2025-12-04 0:00:00,2025-12-26 0:00:00,Customer Delay,Yes,None,Enterprise,Completed,Low
CB-1229,Solace Systems,EdTech,Delhi NCR,Large (251+),Starter,A. Mehta,M. Khan,14-Oct-2024,16-Oct-2024,03-Nov-2024,18,Completed,No,4.4,2024-Q4,Karan Mehta,Medium,2024-10-16 0:00:00,2024-11-03 0:00:00,Customer Delay,No,None,Mid-Market,Completed,Low
CB-1230,Foxglove Technologies,Hospitality,Mumbai,Large (251+),Enterprise,S. Kapoor,T. D'Souza,26-Nov-2024,29-Nov-2024,19-Dec-2024,20,Completed,No,3.3,2024-Q4,Neha Patel,Medium,2024-11-29 0:00:00,2024-12-19 0:00:00,Technical Issue,No,None,SMB,Completed,High
CB-1231,Pivotal Group,Hospitality,Ahmedabad,Small (1-50),Growth,R. Iyer,J. Pillai,24-Jul-2025,25-Jul-2025,14-Aug-2025,20,Completed,No,4,2025-Q3,Neha Patel,Medium,2025-07-25 0:00:00,2025-08-14 0:00:00,Resource Constraint,No,None,Enterprise,Completed,High
CB-1232,Pivotal Technologies,Real Estate,Ahmedabad,Large (251+),Growth,S. Kapoor,N. Verma,16-May-2026,19-May-2026,13-Jun-2026,25,Completed,No,4.2,2026-Q2,Neha Patel,High,2026-05-19 0:00:00,2026-06-13 0:00:00,Scope Change,Yes,API,Enterprise,Completed,Low
CB-1233,Quantix Networks,Retail & E-commerce,Delhi NCR,Small (1-50),Starter,S. Kapoor,N. Verma,11-Nov-2025,12-Nov-2025,02-Dec-2025,20,Completed,No,3.7,2025-Q4,Karan Mehta,Medium,2025-11-12 0:00:00,2025-12-02 0:00:00,Resource Constraint,Yes,CRM,Mid-Market,Completed,Medium
CB-1234,Northbridge Pvt Ltd,Professional Services,Delhi NCR,Mid (51-250),Growth,R. Iyer,J. Pillai,01-May-2026,02-May-2026,01-Jun-2026,30,Completed,No,4,2026-Q2,Neha Patel,Medium,2026-05-02 0:00:00,2026-06-01 0:00:00,Scope Change,No,None,SMB,Completed,Medium
CB-1235,Skyward Pvt Ltd,Retail & E-commerce,Hyderabad,Large (251+),Growth,S. Kapoor,S. Reddy,02-Mar-2026,04-Mar-2026,04-Apr-2026,31,Completed,No,3.8,2026-Q1,Rahul Sharma,Low,2026-03-04 0:00:00,2026-04-04 0:00:00,Customer Delay,Yes,ERP,Mid-Market,Completed,Medium
CB-1236,Westgate Labs,Retail & E-commerce,Delhi NCR,Large (251+),Growth,P. Nair,M. Khan,25-Aug-2025,27-Aug-2025,15-Sep-2025,19,Completed,No,3.2,2025-Q3,Priya Nair,Medium,2025-08-27 0:00:00,2025-09-15 0:00:00,Missing Documents,No,None,SMB,Completed,Low
CB-1237,Coral Technologies,Retail & E-commerce,Mumbai,Mid (51-250),Starter,P. Nair,M. Khan,20-Feb-2026,22-Feb-2026,17-Mar-2026,23,Completed,No,3,2026-Q1,Rahul Sharma,Low,2026-02-22 0:00:00,2026-03-17 0:00:00,Missing Documents,Yes,CRM,Enterprise,Completed,High
CB-1238,Westgate Labs,Healthcare,Pune,Large (251+),Starter,V. Shah,M. Khan,27-Apr-2024,28-Apr-2024,05-May-2024,7,Completed,Yes,3.7,2024-Q2,Priya Nair,High,2024-04-28 0:00:00,2024-05-05 0:00:00,None,No,None,SMB,Completed,Medium
CB-1239,Apex Group,Logistics & Supply Chain,Pune,Small (1-50),Starter,R. Iyer,N. Verma,18-Oct-2024,21-Oct-2024,,,Dropped,,,2024-Q4,Rahul Sharma,Medium,2024-10-21 0:00:00,,Technical Issue,No,None,Mid-Market,Dropped,High
CB-1240,Cinder Labs,Hospitality,Ahmedabad,Mid (51-250),Growth,R. Iyer,J. Pillai,14-Mar-2026,15-Mar-2026,12-Apr-2026,28,Completed,No,3.9,2026-Q1,Priya Nair,High,2026-03-15 0:00:00,2026-04-12 0:00:00,Customer Delay,Yes,HRMS,Enterprise,Completed,Medium
CB-1241,Solace Industries,Logistics & Supply Chain,Hyderabad,Mid (51-250),Enterprise,K. Joshi,T. D'Souza,26-Feb-2026,28-Feb-2026,30-Mar-2026,30,Completed,No,4.3,2026-Q1,Karan Mehta,Medium,2026-02-28 0:00:00,2026-03-30 0:00:00,Missing Documents,No,None,Enterprise,Completed,High
CB-1242,Apex Solutions,Retail & E-commerce,Chennai,Large (251+),Growth,K. Joshi,N. Verma,01-Mar-2025,02-Mar-2025,17-Mar-2025,15,Completed,No,4.1,2025-Q1,Amit Singh,High,2025-03-02 0:00:00,2025-03-17 0:00:00,Missing Documents,Yes,CRM,SMB,Completed,High
CB-1243,Anchor Pvt Ltd,Hospitality,Bangalore,Mid (51-250),Starter,R. Iyer,J. Pillai,04-Oct-2025,06-Oct-2025,31-Oct-2025,25,Completed,No,4.5,2025-Q4,Rahul Sharma,High,2025-10-06 0:00:00,2025-10-31 0:00:00,Scope Change,No,None,SMB,Completed,High
CB-1244,Solace Solutions,Professional Services,Bangalore,Large (251+),Growth,V. Shah,T. D'Souza,17-Nov-2025,19-Nov-2025,16-Dec-2025,27,Completed,No,4.5,2025-Q4,Karan Mehta,Low,2025-11-19 0:00:00,2025-12-16 0:00:00,Integration Delay,No,None,Enterprise,Completed,High
CB-1245,Orbit Group,Professional Services,Ahmedabad,Small (1-50),Growth,R. Iyer,S. Reddy,01-Apr-2026,04-Apr-2026,28-Apr-2026,24,Completed,No,3.6,2026-Q2,Priya Nair,Low,2026-04-04 0:00:00,2026-04-28 0:00:00,Missing Documents,No,None,SMB,Completed,Medium
CB-1246,Larkspur Technologies,FinTech,Chennai,Small (1-50),Starter,V. Shah,J. Pillai,15-Nov-2025,18-Nov-2025,06-Dec-2025,18,Completed,No,4.6,2025-Q4,Amit Singh,Medium,2025-11-18 0:00:00,2025-12-06 0:00:00,Scope Change,Yes,ERP,Enterprise,Completed,High
CB-1247,Crestline Systems,Manufacturing,Hyderabad,Small (1-50),Starter,V. Shah,N. Verma,20-Jul-2025,23-Jul-2025,12-Aug-2025,20,Completed,No,3.7,2025-Q3,Rahul Sharma,High,2025-07-23 0:00:00,2025-08-12 0:00:00,Missing Documents,No,None,SMB,Completed,Low
CB-1248,Summit Systems,Retail & E-commerce,Bangalore,Mid (51-250),Growth,S. Kapoor,T. D'Souza,23-Jun-2025,26-Jun-2025,20-Jul-2025,24,Completed,No,4.3,2025-Q2,Priya Nair,High,2025-06-26 0:00:00,2025-07-20 0:00:00,Scope Change,Yes,CRM,Mid-Market,Completed,Low
CB-1249,Northbridge Networks,Real Estate,Pune,Mid (51-250),Starter,P. Nair,S. Reddy,29-Jul-2025,01-Aug-2025,14-Aug-2025,13,Completed,Yes,3.9,2025-Q3,Karan Mehta,High,2025-08-01 0:00:00,2025-08-14 0:00:00,None,No,None,Enterprise,Completed,Medium
CB-1250,Brightline Technologies,Healthcare,Chennai,Small (1-50),Enterprise,S. Kapoor,M. Khan,13-Dec-2025,16-Dec-2025,17-Jan-2026,32,Completed,No,2.6,2025-Q4,Rahul Sharma,High,2025-12-16 0:00:00,2026-01-17 0:00:00,Missing Documents,No,None,SMB,Completed,Low
CB-1251,Beacon Group,Retail & E-commerce,Bangalore,Mid (51-250),Enterprise,P. Nair,T. D'Souza,01-Apr-2026,02-Apr-2026,10-May-2026,38,Completed,No,4.1,2026-Q2,Karan Mehta,Low,2026-04-02 0:00:00,2026-05-10 0:00:00,Technical Issue,No,None,SMB,Completed,Low
CB-1252,Lumen Labs,Professional Services,Chennai,Large (251+),Enterprise,R. Iyer,T. D'Souza,17-Aug-2025,20-Aug-2025,17-Sep-2025,28,Completed,No,4.8,2025-Q3,Priya Nair,High,2025-08-20 0:00:00,2025-09-17 0:00:00,Integration Delay,No,None,Mid-Market,Completed,High
CB-1253,Apex Group,Professional Services,Ahmedabad,Small (1-50),Starter,K. Joshi,S. Reddy,15-Mar-2025,17-Mar-2025,07-Apr-2025,21,Completed,No,3.8,2025-Q1,Amit Singh,High,2025-03-17 0:00:00,2025-04-07 0:00:00,Scope Change,No,None,Enterprise,Completed,Medium
CB-1254,Stratos Technologies,Real Estate,Ahmedabad,Small (1-50),Starter,V. Shah,M. Khan,05-Mar-2025,06-Mar-2025,27-Mar-2025,21,Completed,No,4.3,2025-Q1,Karan Mehta,Medium,2025-03-06 0:00:00,2025-03-27 0:00:00,Missing Documents,Yes,API,SMB,Completed,Medium
CB-1255,Foxglove Technologies,Professional Services,Chennai,Large (251+),Growth,P. Nair,S. Reddy,31-Jan-2026,03-Feb-2026,22-Feb-2026,19,Completed,No,4.2,2026-Q1,Karan Mehta,Low,2026-02-03 0:00:00,2026-02-22 0:00:00,Integration Delay,No,None,SMB,Completed,High
CB-1256,Cobalt Ventures,Retail & E-commerce,Hyderabad,Mid (51-250),Growth,V. Shah,M. Khan,08-Mar-2026,10-Mar-2026,28-Mar-2026,18,Completed,No,4,2026-Q1,Karan Mehta,Low,2026-03-10 0:00:00,2026-03-28 0:00:00,Customer Delay,No,None,Enterprise,Completed,Low
CB-1257,Stratos Pvt Ltd,FinTech,Chennai,Small (1-50),Starter,P. Nair,S. Reddy,13-Oct-2024,15-Oct-2024,31-Oct-2024,16,Completed,No,4.6,2024-Q4,Rahul Sharma,High,2024-10-15 0:00:00,2024-10-31 0:00:00,Technical Issue,No,None,Enterprise,Completed,High
CB-1258,Cobalt Enterprises,Healthcare,Chennai,Mid (51-250),Growth,A. Mehta,M. Khan,15-Aug-2024,16-Aug-2024,25-Aug-2024,9,Completed,Yes,2.7,2024-Q3,Neha Patel,High,2024-08-16 0:00:00,2024-08-25 0:00:00,None,No,None,Enterprise,Completed,Low
CB-1259,Apex Group,Professional Services,Bangalore,Small (1-50),Growth,A. Mehta,N. Verma,11-Nov-2025,14-Nov-2025,11-Dec-2025,27,Completed,No,3.4,2025-Q4,Priya Nair,Low,2025-11-14 0:00:00,2025-12-11 0:00:00,Customer Delay,Yes,None,SMB,Completed,High
