Company Name,Implementation Manager,Days to Onboard
Granite Pvt Ltd,Amit Singh,27
Ironwood Enterprises,Amit Singh,24
Westgate Technologies,Amit Singh,24
Cobalt Group,Amit Singh,26
Brightline Group,Amit Singh,16
Coral Enterprises,Amit Singh,20
Crestline Pvt Ltd,Amit Singh,18
Pivotal Group,Amit Singh,28
Trailmark Ventures,Amit Singh,30
Granite Group,Amit Singh,22
Highline Networks,Amit Singh,28
Driftwood Group,Amit Singh,31
Veridian Networks,Amit Singh,22
Beacon Technologies,Amit Singh,19
Harborlight Networks,Amit Singh,23
Highline Industries,Amit Singh,20
Westgate Industries,Amit Singh,18
Anchor Technologies,Amit Singh,22
Summit Systems,Amit Singh,28
Coral Industries,Amit Singh,15
Apex Industries,Amit Singh,19
Westgate Networks,Amit Singh,35
Harborlight Solutions,Amit Singh,27
Coral Industries,Amit Singh,19
Anchor Industries,Amit Singh,24
Orbit Industries,Amit Singh,18
Crestline Pvt Ltd,Amit Singh,29
Larkspur Solutions,Amit Singh,22
Westgate Ventures,Amit Singh,23
Quantix Industries,Amit Singh,25
Cobalt Labs,Amit Singh,25
Driftwood Labs,Amit Singh,17
Granite Labs,Amit Singh,23
Meridian Solutions,Amit Singh,31
Skyward Solutions,Amit Singh,21
Summit Labs,Amit Singh,16
Nimbus Systems,Amit Singh,17
Brightline Pvt Ltd,Amit Singh,16
Granite Technologies,Amit Singh,24
Westgate Labs,Amit Singh,35
Veridian Pvt Ltd,Amit Singh,21
Coral Technologies,Amit Singh,29
Vertex Systems,Amit Singh,31
Solace Labs,Amit Singh,22
Beacon Ventures,Amit Singh,26
Apex Industries,Amit Singh,22
Apex Solutions,Amit Singh,15
Larkspur Technologies,Amit Singh,18
Apex Group,Amit Singh,21
Harborlight Group,Karan Mehta,41
Meridian Group,Karan Mehta,24
Larkspur Labs,Karan Mehta,18
Cobalt Pvt Ltd,Karan Mehta,28
Anchor Group,Karan Mehta,24
Driftwood Industries,Karan Mehta,25
Stratos Ventures,Karan Mehta,24
Crestline Technologies,Karan Mehta,18
Nimbus Group,Karan Mehta,29
Stratos Technologies,Karan Mehta,18
Nimbus Technologies,Karan Mehta,17
Brightline Networks,Karan Mehta,25
Meridian Technologies,Karan Mehta,17
Quantix Systems,Karan Mehta,20
Brightline Industries,Karan Mehta,19
Veridian Ventures,Karan Mehta,33
Granite Enterprises,Karan Mehta,24
Veridian Solutions,Karan Mehta,26
Beacon Enterprises,Karan Mehta,26
Cobalt Ventures,Karan Mehta,25
Lumen Ventures,Karan Mehta,20
Beacon Systems,Karan Mehta,15
Beacon Labs,Karan Mehta,26
Pivotal Group,Karan Mehta,19
Foxglove Industries,Karan Mehta,20
Larkspur Industries,Karan Mehta,16
Orbit Technologies,Karan Mehta,24
Apex Systems,Karan Mehta,21
Coral Technologies,Karan Mehta,25
Foxglove Networks,Karan Mehta,28
Cinder Enterprises,Karan Mehta,21
Brightline Pvt Ltd,Karan Mehta,21
Solace Systems,Karan Mehta,18
Quantix Networks,Karan Mehta,20
Solace Industries,Karan Mehta,30
Solace Solutions,Karan Mehta,27
Beacon Group,Karan Mehta,38
Stratos Technologies,Karan Mehta,21
Foxglove Technologies,Karan Mehta,19
Cobalt Ventures,Karan Mehta,18
Highline Enterprises,Neha Patel,23
Coral Enterprises,Neha Patel,16
Anchor Ventures,Neha Patel,15
Skyward Group,Neha Patel,21
Quantix Enterprises,Neha Patel,30
Coral Pvt Ltd,Neha Patel,19
Skyward Labs,Neha Patel,33
Coral Labs,Neha Patel,32
Highline Industries,Neha Patel,22
Crestline Group,Neha Patel,15
Trailmark Pvt Ltd,Neha Patel,24
Stratos Group,Neha Patel,17
Veridian Ventures,Neha Patel,20
Pivotal Pvt Ltd,Neha Patel,31
Orbit Group,Neha Patel,19
Coral Pvt Ltd,Neha Patel,23
Foxglove Industries,Neha Patel,16
Westgate Networks,Neha Patel,17
Cobalt Labs,Neha Patel,28
Northbridge Ventures,Neha Patel,23
Lumen Pvt Ltd,Neha Patel,24
Highline Systems,Neha Patel,19
Cobalt Group,Neha Patel,22
Harborlight Solutions,Neha Patel,17
Lumen Solutions,Neha Patel,21
Orbit Solutions,Neha Patel,24
Beacon Ventures,Neha Patel,15
Driftwood Industries,Neha Patel,24
Veridian Group,Neha Patel,30
Ironwood Systems,Neha Patel,18
Ironwood Systems,Neha Patel,16
Apex Pvt Ltd,Neha Patel,15
Lumen Industries,Neha Patel,24
Anchor Technologies,Neha Patel,27
Foxglove Technologies,Neha Patel,20
Pivotal Group,Neha Patel,20
Pivotal Technologies,Neha Patel,25
Northbridge Pvt Ltd,Neha Patel,30
Vertex Solutions,Priya Nair,23
Apex Group,Priya Nair,22
Northbridge Industries,Priya Nair,26
Driftwood Networks,Priya Nair,21
Stratos Systems,Priya Nair,22
Foxglove Ventures,Priya Nair,18
Lumen Group,Priya Nair,19
Skyward Pvt Ltd,Priya Nair,17
Crestline Solutions,Priya Nair,20
Nimbus Systems,Priya Nair,20
Northbridge Systems,Priya Nair,23
Anchor Networks,Priya Nair,27
Lumen Systems,Priya Nair,18
Meridian Labs,Priya Nair,19
Foxglove Networks,Priya Nair,19
Stratos Industries,Priya Nair,22
Stratos Solutions,Priya Nair,16
Skyward Systems,Priya Nair,19
Pivotal Labs,Priya Nair,31
Summit Pvt Ltd,Priya Nair,28
Stratos Group,Priya Nair,21
Meridian Ventures,Priya Nair,27
Quantix Enterprises,Priya Nair,26
Summit Enterprises,Priya Nair,33
Beacon Pvt Ltd,Priya Nair,19
Driftwood Industries,Priya Nair,18
Orbit Technologies,Priya Nair,20
Highline Solutions,Priya Nair,15
Orbit Networks,Priya Nair,20
Brightline Technologies,Priya Nair,19
Meridian Ventures,Priya Nair,22
Quantix Systems,Priya Nair,25
Driftwood Solutions,Priya Nair,19
Meridian Industries,Priya Nair,16
Cinder Industries,Priya Nair,22
Cobalt Technologies,Priya Nair,39
Cinder Pvt Ltd,Priya Nair,28
Solace Enterprises,Priya Nair,22
Coral Ventures,Priya Nair,27
Brightline Technologies,Priya Nair,26
Anchor Pvt Ltd,Priya Nair,26
Granite Pvt Ltd,Priya Nair,24
Westgate Labs,Priya Nair,19
Cinder Labs,Priya Nair,28
Orbit Group,Priya Nair,24
Summit Systems,Priya Nair,24
Lumen Labs,Priya Nair,28
Apex Group,Priya Nair,27
Westgate Industries,Rahul Sharma,16
Anchor Industries,Rahul Sharma,21
Highline Networks,Rahul Sharma,25
Lumen Ventures,Rahul Sharma,16
Granite Labs,Rahul Sharma,15
Apex Enterprises,Rahul Sharma,21
Brightline Group,Rahul Sharma,22
Pivotal Technologies,Rahul Sharma,19
Nimbus Solutions,Rahul Sharma,35
Cinder Ventures,Rahul Sharma,18
Pivotal Solutions,Rahul Sharma,18
Trailmark Systems,Rahul Sharma,25
Skyward Industries,Rahul Sharma,34
Orbit Systems,Rahul Sharma,15
Nimbus Labs,Rahul Sharma,27
Larkspur Pvt Ltd,Rahul Sharma,18
Larkspur Ventures,Rahul Sharma,24
Larkspur Labs,Rahul Sharma,25
Lumen Technologies,Rahul Sharma,30
Quantix Group,Rahul Sharma,29
Summit Industries,Rahul Sharma,30
Beacon Ventures,Rahul Sharma,29
Trailmark Systems,Rahul Sharma,22
Harborlight Networks,Rahul Sharma,16
Cobalt Systems,Rahul Sharma,22
Lumen Industries,Rahul Sharma,27
Trailmark Group,Rahul Sharma,32
Beacon Technologies,Rahul Sharma,30
Northbridge Solutions,Rahul Sharma,20
Foxglove Ventures,Rahul Sharma,19
Nimbus Networks,Rahul Sharma,26
Skyward Pvt Ltd,Rahul Sharma,31
Coral Technologies,Rahul Sharma,23
Anchor Pvt Ltd,Rahul Sharma,25
Crestline Systems,Rahul Sharma,20
Brightline Technologies,Rahul Sharma,32
Stratos Pvt Ltd,Rahul Sharma,16
